fiscal_id;first_name;last_name;gender;fecha_nacimiento;fecha_vencimiento;deuda;direccion;altura;peso;correo;estatus_contacto;prioridad;telefono
41631392-K;Wendy;Ware;male;1990-11-11;2021-04-23;658;8679 Primis Avenue;4;76;imperdiet@Phasellusfermentumconvallis.co.uk;Valido;1;9963328857
49665408-0;Imelda;Camacho;male;1995-05-10;2021-01-29;844;252-8718 Dictum Rd.;1;109;Duis@bibendumullamcorperDuis.com;Valido;3;9356588211
24247506-2;Erica;Delaney;female;1996-09-09;2021-02-02;297;Ap #198-2498 Felis Road;9;110;Nam.interdum.enim@disparturientmontes.org;Valido;3;9361086998
34653654-3;Audra;Pace;female;1993-11-02;2021-01-13;376;4481 Donec Av.;7;80;habitant.morbi@Lorem.co.uk;Valido;1;9797003451
39455789-7;Nehru;Fisher;male;1994-01-24;2021-01-07;966;461-7845 Dui, Street;9;178;scelerisque@imperdiet.edu;Valido;2;9789888197
48120647-2;Mariko;Burns;male;1991-01-14;2021-03-29;821;Ap #881-5503 Malesuada Avenue;5;115;ipsum.Phasellus.vitae@adui.org;Valido;1;9798353416
11710673-K;Sybil;Rivera;female;1998-11-11;2021-05-11;691;802-4119 Imperdiet Avenue;8;172;urna.justo.faucibus@fringillacursus.net;Valido;3;9944342254
30199648-9;Tamara;Hunt;female;1993-03-25;2021-03-10;825;Ap #760-7115 Ut St.;3;156;arcu@Inornaresagittis.ca;Valido;2;9582178044
26088511-1;Tyrone;Ramos;male;1991-07-24;2021-04-13;859;3300 In Ave;3;43;ante.Vivamus@ac.edu;Invalido;1;9434324579
29793136-9;Darryl;Wilcox;male;1998-11-16;2021-05-04;436;Ap #327-9658 Nec, Avenue;7;126;non.cursus@semmagnanec.com;Valido;2;9970136234
20487624-K;Noel;Vance;female;1993-06-25;2021-01-23;921;P.O. Box 495, 2922 Nulla. Street;3;63;elit.Etiam@sit.com;Invalido;2;9926264919
10462375-1;Piper;Mclean;female;1998-10-30;2021-02-05;966;917 Enim. Street;2;112;et.eros@nullavulputatedui.ca;Valido;1;9372084765
15708517-4;Zachery;Velasquez;male;1998-07-01;2021-04-25;743;P.O. Box 466, 4134 Ornare, Road;8;118;;Invalido;1;9146226667
16430202-4;Ila;Horn;male;1995-12-01;2021-02-05;141;9357 Elit St.;4;108;;Valido;3;9508555926
23451436-9;Quinlan;Vazquez;female;1998-05-31;2021-02-17;969;7808 Porttitor Rd.;6;111;;Invalido;3;9057955337
27731474-6;Mia;Wilder;female;1991-07-23;2021-04-27;235;Ap #217-6504 Euismod Rd.;3;131;;Valido;3;9565754387
6907565-7;Eric;Mathis;male;1993-11-20;2021-04-30;127;P.O. Box 915, 472 Erat Ave;2;153;;Invalido;2;9931000068
19694694-2;Kimberly;Mcguire;male;1993-05-16;2021-03-26;695;Ap #182-5660 Aliquam Street;10;103;;Valido;1;9099367298
12286228-3;Jessica;Rocha;female;1996-05-16;2021-01-01;847;Ap #817-3183 Nisl Av.;1;123;;Invalido;3;9208244278
7599323-4;Piper;Glover;female;1991-04-15;2021-01-12;72;Ap #500-5066 Odio Avenue;8;63;;Valido;1;9361588059
20107416-9;Lawrence;Burch;male;1993-03-31;2021-01-25;69;9587 Magna, Road;1;178;;Invalido;1;9307253811
13450130-8;Yen;Webster;male;1997-06-19;2021-04-17;918;P.O. Box 449, 4040 Imperdiet Rd.;1;73;;Valido;3;9722400163
23532588-8;Sophia;Barr;female;1991-01-16;2021-04-01;556;Ap #538-9162 Nunc Road;7;129;amet.orci@magnisdisparturient.org;Valido;3;9801128302
5349201-0;Addison;Justice;female;1999-01-06;2021-04-17;438;Ap #482-6246 Eros Rd.;10;81;neque.tellus.imperdiet@magna.co.uk;Valido;1;9728527807
40418496-2;Troy;Wiggins;male;1998-02-08;2021-02-06;64;318-8493 Dapibus Ave;3;170;aliquam.eros@felisNullatempor.edu;Valido;2;9325574406
42483105-0;Breanna;Weaver;male;1995-10-30;2021-01-01;576;7278 Pede. Road;1;199;non.magna.Nam@gravidanunc.com;Invalido;2;9414523997
46058474-4;Randall;Griffin;female;1999-08-21;2021-01-09;238;1261 Nonummy Street;9;98;semper.Nam.tempor@montes.edu;Valido;3;9582601138
48737729-5;Alfonso;Goodman;female;1999-04-30;2021-01-18;432;P.O. Box 309, 6936 Et Ave;5;163;consectetuer.adipiscing.elit@porttitor.com;Invalido;1;9593610295
44237737-5;Uriel;Salas;male;1993-02-08;2021-02-01;501;P.O. Box 930, 6447 Luctus. Avenue;2;70;sapien.molestie@vitaeeratvel.com;Valido;1;9885672896
15959590-0;Alea;Arnold;male;1993-09-13;2021-01-14;417;P.O. Box 777, 9165 Eu, Ave;8;87;Morbi.quis@ataugue.ca;Invalido;1;9100105996
10788829-2;Hermione;Patterson;female;1998-10-25;2021-04-27;45;P.O. Box 388, 8517 Lorem Avenue;5;83;dapibus@purus.org;Valido;2;9654041148
40384883-2;Oliver;Lamb;female;1990-08-12;2021-02-27;511;P.O. Box 185, 4976 Dolor Av.;10;134;et.libero@liberoat.net;Invalido;1;9974463535
37118040-0;Victor;English;male;1998-09-28;2021-04-30;218;P.O. Box 130, 4813 A Ave;4;45;egestas.lacinia@blandit.co.uk;Valido;1;9429351102
12706405-9;Bell;Taylor;male;1998-03-11;2021-04-07;366;P.O. Box 446, 2679 Ac, Avenue;9;85;mi@aliquetnecimperdiet.co.uk;Invalido;3;9946724970
6443599-K;Jacob;Dennis;female;1991-06-14;2021-01-22;312;687-3397 Integer Road;3;103;Proin.mi.Aliquam@Aliquamfringillacursus.com;Invalido;2;
21036003-4;Aidan;Middleton;female;1997-06-18;2021-03-12;330;244-5311 Leo. Rd.;10;84;sem@rutrum.co.uk;Invalido;3;
7089873-K;Velma;Reynolds;male;1998-09-19;2021-03-09;132;3201 Ut St.;3;156;pede.ultrices.a@dolordapibus.org;Invalido;1;
40556710-5;Zena;Ruiz;male;1992-01-13;2021-03-10;425;P.O. Box 699, 9161 Eget Avenue;10;74;leo.Morbi.neque@massarutrummagna.ca;Valido;1;
40453449-1;Destiny;Frost;female;1998-07-05;2021-03-24;882;Ap #322-4486 Tincidunt Avenue;10;108;Vestibulum.accumsan@scelerisquenequeNullam.ca;Valido;1;
49499512-3;Calvin;Whitehead;female;1996-03-30;2021-01-29;633;3962 Non, Rd.;3;37;Aliquam@nislsem.com;Valido;3;
44766643-K;Jerome;Langley;male;1999-05-19;2021-05-01;116;Ap #780-3416 Bibendum. Av.;4;117;Fusce@dolorQuisque.org;Valido;1;
14107232-3;Abel;Gallegos;male;1990-09-10;2021-03-16;457;Ap #581-6936 A, Av.;10;119;Quisque.libero@semper.com;Valido;3;
11535398-5;Allen;Craft;female;1992-11-17;2021-03-22;987;5380 Ultrices Road;9;195;non@ornareegestasligula.co.uk;Invalido;1;
44808392-6;Quincy;Jones;female;1991-11-09;2021-05-04;734;206 Torquent Rd.;3;87;metus.facilisis.lorem@ametconsectetueradipiscing.ca;Valido;2;
14845161-3;Lee;Mullins;male;1995-06-15;2021-01-31;343;7243 Montes, Ave;4;57;ligula.Nullam.enim@nisi.com;Valido;3;
7500259-9;Xandra;Jensen;male;1993-10-23;2021-02-28;204;6948 Aliquet. Avenue;3;113;natoque@auctorquistristique.ca;Valido;1;
38153029-9;Victor;Douglas;female;1991-06-30;2021-04-02;806;P.O. Box 583, 3534 Lectus. Rd.;7;61;semper@Etiamlaoreet.net;Invalido;1;
36408053-0;Zephr;Wong;female;1996-11-08;2021-04-14;276;3612 Vestibulum Ave;5;191;egestas.ligula@Maurismagna.edu;Invalido;2;
11229186-5;Cynthia;Pickett;male;1997-01-20;2021-02-17;733;8618 Interdum Ave;2;85;tempus@liberoInteger.net;Valido;3;
50486726-9;Myles;Hinton;male;1994-11-19;2021-03-10;534;3833 Magna. Rd.;9;48;id.blandit.at@nonummyac.ca;Invalido;2;
24996034-9;Jocelyn;Morris;female;1997-07-09;2021-01-27;778;9945 Cras Street;7;190;Cras@eunibhvulputate.co.uk;Valido;1;9994171355
33041283-6;Fay;Dixon;female;1993-05-08;2021-01-03;820;Ap #268-7014 Parturient St.;10;113;augue@antedictumcursus.edu;Invalido;1;9821093269
50430572-4;Gannon;Rojas;male;1999-06-04;2021-05-11;522;Ap #519-9013 Sapien Av.;4;62;sagittis@Vestibulumaccumsanneque.org;Valido;1;9154174891
22791169-7;Kylan;Mcfadden;male;1998-10-11;2021-05-14;949;2201 Eu St.;6;106;convallis.dolor@dignissimpharetraNam.org;Valido;1;9177092536
42113876-1;Janna;Moses;female;1997-08-06;2021-04-06;340;4966 Diam. Street;8;59;Etiam.gravida.molestie@nislMaecenas.ca;Invalido;1;9564031034
37485212-4;Bernard;Barr;female;1995-12-04;2021-01-17;557;168-6184 Lorem Street;5;95;imperdiet.ullamcorper.Duis@nisiCumsociis.co.uk;Valido;3;9310538332
40954632-3;Yuri;Collins;male;1998-02-04;2021-04-30;222;Ap #752-2675 At, Ave;8;194;magna@pedesagittis.co.uk;Invalido;2;9340791546
7785083-K;Ruby;Parrish;male;1992-07-25;2021-03-27;874;Ap #354-5186 Nec Rd.;4;164;tellus.Phasellus.elit@etliberoProin.edu;Invalido;2;9009717911
46273740-8;Linus;Kent;female;1994-05-07;2021-02-08;408;P.O. Box 760, 4765 Est. Rd.;4;124;mollis@variusultrices.ca;Valido;3;9545172655
35831142-3;Brennan;Hewitt;female;1991-07-13;2021-02-03;295;Ap #650-3955 Ullamcorper Ave;3;140;enim.Nunc@Suspendisseacmetus.edu;Valido;3;9714650954
26793242-5;Colton;Molina;male;1994-12-27;2021-03-13;974;P.O. Box 691, 9461 Massa Rd.;6;42;eros.non@pellentesqueegetdictum.net;Invalido;3;9229485462
10193384-9;Hilary;Robertson;male;1996-04-30;2021-02-27;521;4172 Arcu. St.;1;128;dolor.sit@magnaLoremipsum.ca;Invalido;2;9643198043
11184364-3;Hilel;Compton;female;1999-04-04;2021-01-07;75;618-4821 Justo. Av.;8;91;aliquam.eu@purus.com;Valido;3;9521350370
27142787-5;Orson;Mcmillan;female;1993-05-15;2021-03-18;481;693-6312 Erat, Rd.;2;34;porttitor@acfacilisis.org;Invalido;2;9755209297
50345839-K;Donna;Bolton;male;1996-07-31;2021-01-29;239;P.O. Box 160, 7950 Nulla St.;6;189;ac@vehiculaet.ca;Valido;3;9447540050
46095747-8;Alexis;Hoffman;male;1991-06-24;2021-03-27;409;493-4350 Mauris Rd.;9;189;Suspendisse.eleifend@magnis.ca;Valido;3;9577650655
38010914-K;Maris;Ballard;female;1995-10-02;2021-02-24;45;Ap #158-9288 Proin Ave;10;102;interdum.Nunc.sollicitudin@commodoauctor.org;Valido;2;9766553533
19569842-2;Rogan;Meyers;female;1994-06-24;2021-01-29;497;Ap #459-9737 Enim. Ave;2;150;laoreet.ipsum@arcuSedet.edu;Valido;2;9231963524
36134636-K;Hu;Collins;male;1999-12-21;2021-04-27;192;874-5056 Nulla St.;10;60;Proin.dolor@nunc.edu;Invalido;1;9072484039
20399292-0;Gannon;Simmons;male;1993-07-29;2021-02-05;789;Ap #824-7675 Nisi Avenue;1;136;ridiculus@Nam.edu;Valido;2;9290522065
35867577-8;Wanda;Villarreal;female;1992-12-23;2021-05-13;333;P.O. Box 930, 1093 Mauris Road;5;58;Nunc@interdumNuncsollicitudin.org;Invalido;2;9419775198
7003329-1;Caesar;Cardenas;female;1991-07-25;2021-01-09;664;7284 Dictum Rd.;9;50;Nulla.eget@pedeNunc.net;Valido;2;9204861521
13993709-0;Hedwig;Blake;male;1997-03-09;2021-02-23;868;483-1889 Euismod Street;7;113;sagittis@fermentumarcu.edu;Valido;1;9836116802
41004973-2;Benjamin;Conley;male;1990-02-24;2021-03-08;978;Ap #601-954 Phasellus Rd.;6;147;lobortis.mauris.Suspendisse@est.co.uk;Valido;1;9258041104
8385026-4;Irene;Compton;female;1995-10-18;2021-01-17;441;6585 Ut Road;9;136;Mauris.vestibulum.neque@eleifendCras.edu;Valido;2;9190099847
22691571-0;Shea;Miller;female;1999-04-09;2021-02-26;539;P.O. Box 693, 3921 Nunc Rd.;6;182;sem@nunc.org;Valido;2;9335044087
10362113-5;Lewis;Foreman;male;1991-01-08;2021-02-13;635;P.O. Box 556, 9887 Ultrices St.;1;49;diam.at.pretium@Sed.co.uk;Valido;1;9679724418
25357505-0;Kalia;Cardenas;male;1994-11-18;2021-01-25;540;P.O. Box 116, 7435 Auctor. Ave;6;191;amet@sociosquad.com;Invalido;3;9822147704
37727249-8;Davis;Wilson;female;1992-05-28;2021-02-19;611;P.O. Box 286, 6444 Consectetuer Rd.;9;35;Sed.et.libero@risusatfringilla.com;Invalido;2;9821431342
35362932-8;Dominic;Olson;female;1992-09-28;2021-01-29;497;7149 Proin Road;2;168;nec.leo@diamlorem.edu;Invalido;3;9829452369
6391320-0;Allen;Lloyd;male;1997-01-06;2021-02-11;347;850-4364 Nonummy St.;3;50;ipsum@tempor.ca;Valido;2;9172127076
40531798-2;Samuel;Nguyen;male;1990-07-16;2021-02-06;431;124-9690 In, Rd.;8;128;velit.eget.laoreet@congue.ca;Invalido;1;9965708094
43287462-1;Darrel;Soto;female;1993-05-13;2021-01-26;960;P.O. Box 728, 9033 Nisi Av.;3;37;cursus.a.enim@dictumPhasellusin.ca;Invalido;1;9323860850
5487747-1;David;Wood;female;1993-03-07;2021-05-08;796;206-698 Facilisis Rd.;1;179;Duis.sit.amet@Aeneaneuismodmauris.org;Invalido;3;9592433849
44399122-0;Salvador;Brock;male;1994-07-22;2021-03-05;347;7945 Quisque Rd.;3;83;est.Mauris.eu@vitaeodiosagittis.edu;Valido;3;9572703383
6415381-1;Reece;Crane;male;1997-11-17;2021-04-29;871;8473 Justo. Ave;8;116;arcu.iaculis@neque.ca;Valido;1;9415198517
40443043-2;Kasper;Jackson;female;1990-01-05;2021-05-11;768;9451 Faucibus Road;3;93;molestie.in.tempus@ultriciesornare.org;Valido;3;9600228652
38412945-5;Anne;Reed;female;1997-05-13;2021-01-25;120;P.O. Box 758, 7728 Est Rd.;9;159;neque@pellentesque.edu;Invalido;3;9661292387
19843725-5;India;Mcgowan;male;1998-07-19;2021-02-08;415;113-8873 Nibh. Ave;8;141;Praesent@quam.co.uk;Invalido;3;9055962758
11468372-8;Maxine;Heath;male;1994-02-07;2021-05-06;210;657-3280 Arcu. Avenue;2;168;lectus@aenim.edu;Invalido;3;9717473224
45399044-3;Madonna;Richard;female;1993-06-23;2021-01-22;171;963-1023 Quam Rd.;8;54;sed.consequat.auctor@etmalesuada.ca;Valido;2;9603094774
47128577-3;Anthony;Murphy;female;1996-12-15;2021-05-11;304;1598 Fermentum St.;9;178;;;;
15224127-5;Channing;Gallegos;male;1994-04-22;2021-02-15;811;P.O. Box 517, 5746 Egestas. Street;2;193;;;;
22122985-1;Isaiah;Webster;male;1998-10-11;2021-01-19;655;178-2557 Arcu. Avenue;5;191;;;;
48825804-4;Kaseem;Houston;female;1999-12-12;2021-04-22;800;5747 Mauris Av.;7;199;;;;
7791076-K;Hayley;Nicholson;female;1994-03-25;2021-03-10;898;Ap #483-3029 Placerat. Rd.;5;196;;;;
9664417-5;Joelle;Clemons;male;1995-09-09;2021-05-01;91;2403 Lacus. St.;4;75;;;;
37732660-1;Leah;Bush;male;1996-04-25;2021-03-06;462;P.O. Box 920, 604 Aenean Av.;8;61;;;;
38062614-4;Tatiana;Cervantes;female;1993-01-11;2021-02-09;325;P.O. Box 286, 8529 Risus. St.;6;188;;;;
34084266-9;Selma;Lowery;female;1993-07-16;2021-02-10;598;737-5326 Amet Av.;2;60;;;;
43684610-K;Eugenia;Goff;male;1991-08-24;2021-03-23;916;219-881 Nec, Avenue;5;176;;;;
45565314-2;Fletcher;Boone;male;1998-07-02;2021-05-11;278;467-3332 Erat, St.;5;145;;;;
32121127-5;Harding;Randall;female;1996-09-22;2021-04-11;507;Ap #350-1415 Venenatis St.;8;195;lacinia.mattis@risus.co.uk;Valido;3;946124538
7431394-9;Gisela;Carey;female;1997-05-02;2021-02-05;911;P.O. Box 964, 7936 Lorem Ave;4;66;mauris@commodo.edu;Valido;3;962835607
8374036-1;Noah;Best;male;1993-06-02;2021-01-09;668;Ap #405-4291 Praesent Road;7;57;nec.diam@Morbineque.net;Invalido;1;941343801
25701141-0;Dai;Salas;male;1998-07-27;2021-01-13;903;426-4969 Nulla St.;8;159;Nam.ac.nulla@eu.co.uk;Invalido;3;935450839
48446018-3;Denise;Weiss;female;1995-03-02;2021-01-22;644;P.O. Box 106, 5356 Libero. Road;9;135;eleifend.nec.malesuada@semegestas.org;Valido;2;975093395
38129454-4;Igor;Hester;female;1996-06-07;2021-03-01;219;2498 Sapien. Avenue;7;161;vel@tellussemmollis.net;Invalido;2;997885213
36941654-5;Avram;Le;male;1990-03-19;2021-04-27;326;3958 Malesuada St.;7;59;nibh@ac.co.uk;Valido;1;906095226
24885406-5;Hamish;Browning;male;1997-02-26;2021-02-12;804;613-9004 Odio St.;8;34;lorem.ipsum.sodales@molestie.ca;Invalido;1;925184794
50071573-1;Amela;Page;female;1997-10-02;2021-03-16;178;946-6480 Facilisis Rd.;10;120;Phasellus.at.augue@facilisis.net;Valido;3;953734712
38865045-1;Abraham;Whitehead;female;1991-04-20;2021-03-16;704;4380 Amet Rd.;10;37;Nulla@Fuscemollis.edu;Invalido;1;984379019
14917446-K;Craig;Heath;male;1998-04-16;2021-02-20;823;816-9720 Id Avenue;3;172;tellus.Nunc.lectus@molestiearcu.net;Valido;1;909814072
28255721-5;Nash;Boyd;male;1993-11-18;2021-05-09;808;681-8614 Habitant St.;10;188;tempus.risus.Donec@semut.edu;Invalido;2;954547724
30505435-6;Ferris;Byers;female;1997-06-02;2021-04-27;336;8565 Libero. Ave;10;170;consequat.enim@dapibusligula.edu;Valido;3;974722376
29499978-7;Blake;Blackwell;female;1990-08-12;2021-04-05;210;233 Nunc Rd.;5;76;velit.egestas.lacinia@Sedetlibero.ca;Invalido;1;946033879
40395438-1;Herman;Bauer;male;1993-03-25;2021-04-06;97;P.O. Box 997, 7436 Duis Avenue;10;178;nec@lobortisnisi.co.uk;Invalido;2;957670956
46697544-3;Alisa;Warren;male;1992-03-15;2021-02-10;663;Ap #291-8093 Egestas St.;7;31;Vivamus.non@infaucibusorci.ca;Valido;1;921846698
22250059-1;Jaime;Terry;female;1993-12-27;2021-05-03;834;P.O. Box 987, 7882 Elit, Rd.;6;142;litora.torquent@erat.org;Invalido;3;972444328
16276978-2;Lars;Mathis;female;1995-03-27;2021-02-06;619;618-2810 Dignissim Ave;6;117;semper.tellus.id@variusultrices.net;Valido;3;924639024
15126425-5;Otto;Ferrell;male;1990-02-18;2021-02-09;266;Ap #164-2510 Eget Rd.;3;71;nostra.per@Cras.com;Invalido;2;993612937
15654665-8;Garth;Levine;male;1997-02-24;2021-03-06;8;4590 A Road;3;160;cursus.non@tempusscelerisque.org;Valido;1;939812052
15950588-K;Cheryl;Sampson;female;1994-02-10;2021-02-18;114;5115 At Av.;10;79;et@lobortis.co.uk;Invalido;3;961628535
16005776-9;Jarrod;Joseph;female;1990-01-19;2021-03-01;36;4123 Nisi. Avenue;4;89;ultricies.ligula.Nullam@CraspellentesqueSed.org;Valido;1;993281701
43362223-5;Barry;Macdonald;male;1994-09-01;2021-02-17;654;6645 Vehicula Rd.;7;161;mattis.Integer.eu@Pellentesquehabitantmorbi.co.uk;Valido;2;928202868
38286287-2;Penelope;Odom;male;1996-09-25;2021-03-02;206;9523 Et Rd.;4;90;luctus.et@velitegestaslacinia.org;Invalido;2;984846103
25926760-9;Garrett;Love;female;1997-07-01;2021-01-25;269;P.O. Box 635, 7315 Lorem Avenue;8;117;Cras.sed@necurna.co.uk;Invalido;3;933349956
32487402-K;Wesley;Bryan;female;1995-10-10;2021-02-10;961;P.O. Box 980, 4966 Lacinia Rd.;10;54;sapien.imperdiet.ornare@inhendrerit.com;Valido;2;931589108
15637115-7;Philip;Stone;male;1999-12-20;2021-03-23;609;Ap #337-5063 Elit, Av.;6;118;justo.eu.arcu@odiovel.ca;Invalido;2;905424321
15340241-8;Blossom;Silva;male;1995-04-06;2021-01-23;515;P.O. Box 614, 7997 Lacus. Street;5;90;augue@enimSuspendisse.co.uk;Invalido;1;906470535
14864295-8;Shellie;Strong;female;1990-11-15;2021-02-07;763;935-3085 Aliquam Av.;8;46;in.faucibus.orci@Phasellusnulla.net;Invalido;1;998569462
20609748-5;Uma;Flynn;female;1996-01-26;2021-02-18;308;Ap #528-8676 Nunc Avenue;2;42;lacus@sociisnatoque.org;Valido;2;962403986
34033459-0;Travis;Porter;male;1991-08-04;2021-05-07;538;768-1877 Placerat, Avenue;10;67;ultricies.adipiscing.enim@viverraMaecenas.co.uk;Invalido;3;989305757
29282543-9;Christian;Young;male;1991-07-05;2021-03-30;684;Ap #279-3143 Rhoncus. Rd.;1;52;Sed@magnaPhasellus.ca;Valido;3;995179807
12546161-1;MacKenzie;Chavez;female;1990-11-13;2021-03-13;999;Ap #413-9237 Vitae Street;10;112;ultrices.Vivamus@ullamcorpermagna.edu;Valido;1;933230994
38158303-1;Paul;Rodriquez;female;1997-07-01;2021-01-18;268;Ap #509-2596 Pellentesque Rd.;10;66;adipiscing.elit@mus.org;Valido;1;942059266
30694909-8;Lewis;Good;male;1990-06-17;2021-01-14;554;513-1604 Lorem Rd.;2;184;facilisis.facilisis@mattis.com;Invalido;2;955258299
50937327-2;Ruby;Conway;male;1995-09-12;2021-02-01;473;Ap #121-4481 Eros Av.;2;194;Etiam.vestibulum@ornareegestasligula.com;Invalido;3;977436473
14664696-4;Uma;Bennett;female;1997-01-03;2021-01-10;825;3271 Sem Av.;9;34;diam@Sednulla.co.uk;Invalido;2;
20912743-1;Upton;Duran;female;1996-08-22;2021-03-13;364;Ap #617-788 Turpis Road;10;60;diam.lorem.auctor@parturientmontes.co.uk;Valido;1;
9239835-8;Mechelle;Brewer;male;1998-06-15;2021-02-03;991;1496 Proin Rd.;7;166;ultrices@pellentesquemassalobortis.com;Valido;3;
26656637-9;Tamara;Morse;male;1997-06-01;2021-05-03;586;284-5744 Libero Av.;3;119;sed.pede@ut.co.uk;Valido;2;
50379828-K;Hyatt;Lewis;female;1991-10-15;2021-01-22;943;959-4753 Id, Av.;2;49;libero@ipsumdolor.com;Valido;2;
23917593-7;Linus;Dyer;female;1997-07-28;2021-03-12;987;P.O. Box 129, 1497 Venenatis Av.;7;71;id.erat@etnuncQuisque.com;Invalido;1;
26236122-5;Meredith;Fox;male;1991-12-12;2021-03-20;311;P.O. Box 509, 2604 Integer Rd.;4;101;nibh.sit@est.edu;Valido;3;
38634519-8;Jacob;Harvey;male;1996-09-11;2021-04-26;160;Ap #648-7372 Mauris St.;10;61;fermentum.convallis@lobortisnisi.com;Invalido;3;
17468687-4;Zelenia;Eaton;female;1995-06-05;2021-01-29;659;Ap #832-113 Sed Road;5;141;lacus@facilisis.co.uk;Invalido;2;
35042400-8;Kieran;Parker;female;1991-06-18;2021-02-08;124;P.O. Box 102, 4994 Nec, Ave;10;125;turpis@Duis.com;Valido;2;
36212257-0;Ryder;Kramer;male;1998-04-04;2021-04-12;59;Ap #623-7324 Tincidunt St.;1;185;accumsan@idmollisnec.edu;Valido;3;
17489326-8;Harriet;Levy;male;1992-11-26;2021-01-12;713;Ap #592-8548 Sit Road;6;76;ac@enim.edu;Valido;2;
22296384-2;Quincy;Buckner;female;1999-12-17;2021-03-29;268;918-8234 Nonummy Road;9;80;senectus@enimSed.co.uk;Invalido;1;
11732697-7;Tarik;Chavez;female;1991-12-08;2021-01-31;838;9238 Aliquam Street;10;81;aliquet@Etiam.net;Valido;3;
48815098-7;Winter;Mccarthy;male;1999-01-26;2021-02-12;415;9778 Ante. Ave;3;88;ornare.egestas.ligula@metusfacilisis.co.uk;Invalido;2;
49977411-7;Ariel;Gibbs;male;1998-09-15;2021-01-17;506;P.O. Box 635, 4520 Faucibus Av.;3;65;Proin.sed.turpis@cursusInteger.com;Invalido;1;
34380386-9;Gareth;Rocha;female;1991-02-05;2021-02-25;157;456-9203 Lorem Rd.;6;143;sit.amet.ultricies@Donec.com;Valido;3;973436383
27503246-8;Michael;Frye;female;1991-11-23;2021-04-14;834;834 Etiam Rd.;3;118;vestibulum.neque@eu.ca;Invalido;2;921112944
38439737-9;Brennan;Shaffer;male;1998-08-20;2021-05-14;982;9673 Egestas, Street;8;50;ut@pellentesquemassalobortis.net;Invalido;3;974492741
19919208-6;Camille;Haney;male;1990-10-06;2021-01-16;928;3610 Auctor, Street;5;32;Aliquam.adipiscing@Vivamussitamet.com;Valido;3;922829971
21611211-3;Devin;Buchanan;female;1998-08-24;2021-04-11;767;3541 Donec St.;4;42;varius.ultrices.mauris@dolornonummy.edu;Invalido;1;916414064
23778603-3;Basil;Green;female;1990-08-05;2021-04-12;550;5912 Lacinia Avenue;9;165;eget@Fuscediam.org;Invalido;3;999728049
37115308-K;Cameron;Owen;male;1992-11-18;2021-01-19;691;434-844 Mauris Av.;2;91;cursus.vestibulum@ligulaelit.ca;Valido;1;928198708
29725664-5;Brittany;Yates;male;1991-07-08;2021-04-20;497;808-7340 Fusce Road;9;45;cursus@semperdui.net;Valido;3;940784099
26223419-3;Aristotle;Butler;female;1999-07-24;2021-02-06;902;P.O. Box 403, 4183 Tellus Ave;10;62;consequat.enim@nibhdolor.edu;Invalido;1;964570002
10623969-K;Teagan;Mathews;female;1994-10-14;2021-01-21;433;P.O. Box 473, 3732 Fusce Street;5;175;pretium.aliquet.metus@Sed.ca;Valido;1;947122514
22858734-6;Vincent;Best;male;1999-02-05;2021-03-05;484;906-3074 Mi. St.;9;172;dictum.magna.Ut@Phaselluselit.ca;Invalido;1;961512368
18186013-8;Brock;Little;male;1991-04-24;2021-03-24;564;530-6594 Quisque Road;6;178;vel.vulputate.eu@acfeugiat.org;Valido;3;900684909
6373303-2;Dominic;Thomas;female;1993-02-19;2021-01-08;520;671-7030 Non St.;5;112;ornare@Inmi.edu;Invalido;3;922030282
21575299-2;Isabella;Christian;female;1995-02-13;2021-03-08;789;P.O. Box 433, 5994 Egestas Avenue;9;53;dapibus.quam@eteros.ca;Invalido;3;948488685
32129895-8;Teagan;Phelps;male;1998-11-19;2021-02-19;784;6937 Faucibus Rd.;4;98;dolor.nonummy@idmagnaet.com;Valido;3;967702453
29614528-9;Kennan;Richmond;male;1994-04-01;2021-03-12;280;397-5152 Quam. Rd.;9;80;Mauris.blandit.enim@liberoatauctor.co.uk;Invalido;2;972702528
5323303-1;Lyle;Ballard;female;1996-05-24;2021-04-28;887;416-9178 Velit. Rd.;10;45;velit.eget@nostraper.edu;Valido;3;983667348
13265245-7;Kelly;Kidd;female;1993-12-04;2021-02-09;487;P.O. Box 214, 9013 Urna Rd.;1;112;augue.porttitor.interdum@nectempusscelerisque.com;Invalido;3;961894434
13880218-3;Hadley;Sharpe;male;1998-11-29;2021-05-01;468;5942 Ultricies Ave;7;155;Duis@lectus.com;Valido;3;992419516
6232333-7;Kelly;Page;male;1994-03-27;2021-01-21;477;P.O. Box 262, 8031 Leo. St.;5;61;placerat.augue@augueeu.edu;Invalido;3;911510020
27523968-2;Wyatt;Daniel;female;1990-08-06;2021-05-09;704;P.O. Box 449, 263 Luctus Avenue;6;145;Vivamus.non.lorem@eleifendnon.ca;Valido;2;917498442
22649270-4;Yasir;Gould;female;1998-04-03;2021-03-24;37;394-2475 Nec, Road;8;164;mauris@faucibusidlibero.org;Valido;2;981021516
8595400-8;Aimee;Mann;male;1995-09-14;2021-03-09;848;Ap #387-2377 Justo. St.;10;62;mattis@at.ca;Valido;2;981833577
30702942-1;Gretchen;Rivera;male;1999-12-01;2021-04-11;752;Ap #981-6239 Mauris Road;2;146;purus@Aliquam.ca;Valido;2;982835544
38301927-3;Ifeoma;Kline;female;1997-11-06;2021-03-26;271;Ap #813-1691 Lorem Av.;4;170;et.eros.Proin@tristique.net;Valido;2;978811733
9483397-3;Cade;Roberson;female;1990-12-17;2021-04-01;442;6019 Parturient Rd.;4;176;Duis.elementum@rutrumnon.edu;Valido;2;996466488
21344067-5;Maia;Nunez;male;1990-07-03;2021-05-12;436;Ap #624-9870 Dui, Rd.;7;153;Lorem@magnatellus.com;Valido;3;911297164
18711985-5;Tatyana;David;male;1995-06-25;2021-02-14;853;450-2308 Sem Ave;1;149;leo.Vivamus@risusDuisa.org;Invalido;2;984762348
44864393-K;Deirdre;Haynes;female;1996-09-01;2021-02-06;205;P.O. Box 233, 4594 Ac St.;2;74;Morbi@Curabitur.edu;Valido;1;981487015
25980529-5;Paul;Castro;female;1993-05-04;2021-04-02;880;P.O. Box 579, 2825 Ut, Road;3;147;Integer@ac.net;Valido;2;974025470
35496236-5;Fatima;Franklin;male;1991-08-11;2021-05-04;491;3574 Phasellus Ave;8;96;sed@Crasvehiculaaliquet.co.uk;Valido;3;922082673
11222380-0;Brendan;Pate;male;1996-08-03;2021-03-23;363;Ap #895-3306 Montes, Av.;2;172;interdum.Sed.auctor@iaculisaliquetdiam.org;Invalido;2;906523792
26534325-2;Hedy;Estes;female;1999-07-29;2021-03-14;228;Ap #278-4463 Nunc Avenue;3;44;venenatis.vel.faucibus@imperdiet.co.uk;Valido;2;950637159
21104968-5;Lysandra;Price;female;1999-11-21;2021-05-08;606;996-3029 Erat Rd.;2;41;ac.libero.nec@Aliquamadipiscinglobortis.edu;Valido;2;931083962
7456283-3;Dillon;Ayala;male;1994-08-21;2021-05-06;52;116-634 Venenatis St.;4;31;quis.pede@Curabiturdictum.edu;Invalido;3;979794608
16320355-3;Rooney;Serrano;male;1995-01-24;2021-04-10;438;Ap #917-5249 Placerat, St.;5;139;;Invalido;2;953209682
43293568-K;Felicia;Erickson;female;1996-01-02;2021-02-06;99;6772 Cursus. St.;1;109;;Valido;1;960166915
17681862-K;Connor;Parrish;female;1991-03-11;2021-02-03;979;865 Placerat. Ave;1;154;;Valido;3;945127649
50322835-1;Robin;Vaughn;male;1994-11-13;2021-01-06;828;P.O. Box 733, 6625 Cum Av.;6;48;;Valido;3;976215705
18630836-0;Price;Callahan;male;1993-12-14;2021-04-19;946;P.O. Box 934, 9157 Sed St.;2;34;;Valido;3;923114249
5390199-9;Sydney;Byers;female;1991-10-13;2021-04-22;544;925-6019 Elit Rd.;9;63;;Valido;2;939161098
25005157-3;Adrian;Evans;female;1990-02-23;2021-03-02;424;P.O. Box 308, 9459 In St.;6;91;;Invalido;1;977872488
23571025-0;Hayden;Cain;male;1990-12-04;2021-05-07;265;Ap #540-7369 Sociosqu Avenue;10;124;;Valido;3;994312185
20777151-1;Buffy;Clay;male;1991-09-19;2021-04-11;892;Ap #281-4274 Gravida. Avenue;4;91;;Valido;1;924712734
20583506-7;Cody;Montgomery;female;1994-03-27;2021-04-06;768;Ap #393-398 Sem Av.;10;30;;Invalido;1;996578377
42619550-K;Michelle;Fulton;female;1991-07-23;2021-03-21;416;P.O. Box 560, 7091 Tempor St.;5;41;;Valido;1;975771224
29260415-7;Uta;Donaldson;male;1998-02-12;2021-03-20;454;560 Ante. Avenue;8;85;;Invalido;3;996661171
26484586-6;Reese;Matthews;male;1992-01-12;2021-01-25;947;366-4171 Lectus. Ave;3;108;;Invalido;2;953505042
8383850-7;Laith;Miranda;female;1990-05-17;2021-03-06;32;Ap #285-9205 Nunc. Ave;3;163;;Valido;1;900227034
18579699-K;Phyllis;Jacobson;female;1997-07-12;2021-04-03;376;865-8738 Pede St.;3;107;;Valido;1;944640540
48327335-5;Raphael;Pruitt;male;1998-01-04;2021-03-09;242;7665 Massa Street;6;41;;Invalido;2;908253646
17645505-5;Palmer;Rasmussen;male;1996-03-01;2021-01-13;973;146-7089 Tempor Rd.;3;163;euismod.in@dolorNulla.ca;Valido;2;957734704
30725273-2;Amethyst;Curry;female;1993-03-17;2021-01-10;797;Ap #428-5145 Ante Road;5;90;lobortis.risus.In@tellus.org;Valido;3;979455416
5038162-5;Chancellor;Estrada;female;1999-09-09;2021-03-14;70;Ap #429-2214 Ipsum Rd.;3;168;cursus@accumsannequeet.net;Valido;2;990378971
13180582-9;Griffin;Camacho;male;1990-11-16;2021-01-15;606;7534 Lacus, Ave;4;80;leo.Cras.vehicula@tempusmauris.co.uk;Valido;3;949490356
7689704-2;Armando;Matthews;male;1999-02-13;2021-03-22;729;P.O. Box 783, 2750 Phasellus Rd.;4;89;mauris.erat@quis.co.uk;Invalido;2;919249545
40169648-2;Ishmael;Gamble;female;1992-10-29;2021-03-26;202;Ap #943-4645 Velit Ave;5;151;eget.volutpat.ornare@dictumeueleifend.org;Invalido;1;994181422
25604540-0;Tallulah;Sellers;female;1994-01-05;2021-01-11;789;8929 Integer Av.;5;164;ac.mi.eleifend@nibhdolor.org;Invalido;2;947095333
36472298-2;Keely;Carney;male;1993-12-16;2021-02-12;810;508-463 Magna. Rd.;9;139;accumsan.convallis@semmagnanec.org;Valido;3;936622831
12855918-3;Abra;Lewis;male;1994-07-27;2021-01-09;128;973-4501 Gravida. Road;9;61;parturient@Morbi.org;Invalido;3;956249006
38532589-4;Amber;Kline;female;1994-01-13;2021-05-05;836;P.O. Box 906, 7551 Consequat Ave;6;33;Fusce.feugiat.Lorem@consequat.org;Valido;3;909782193
32109990-4;Kibo;Cummings;female;1995-10-28;2021-01-26;224;138-8825 Sociis Avenue;2;192;sit@urnaet.org;Invalido;1;987285889
9009434-3;Wyoming;Sampson;male;1993-10-03;2021-04-23;89;693-6769 In Rd.;2;88;varius@Phasellusinfelis.net;Invalido;3;969401798
5835062-1;Kylie;Barron;male;1991-07-03;2021-02-01;6;201-3915 Ipsum St.;10;53;sit@varius.net;Valido;3;900920110
47236042-6;Fay;Buckner;female;1998-04-09;2021-04-20;795;222-8490 Nunc St.;10;191;vitae@vulputate.co.uk;Valido;2;971743276
31112984-8;Judah;Glover;female;1992-05-08;2021-05-03;995;624-2912 Eu Rd.;10;133;vel.quam.dignissim@liberoProinsed.com;Invalido;1;930858326
40694031-4;Lance;Luna;male;1990-05-02;2021-04-01;78;Ap #681-5911 Magna. Rd.;5;49;enim.Curabitur.massa@semutdolor.net;Valido;2;996637766
24911081-7;Justine;Gilliam;male;1996-05-17;2021-02-21;635;P.O. Box 792, 844 Nec Av.;2;136;odio.semper@Namacnulla.com;Invalido;3;943486875
7898116-4;Cameran;Summers;female;1999-03-27;2021-01-03;77;4678 Accumsan Rd.;10;143;vel.quam.dignissim@dapibus.ca;Invalido;3;901409181
31334421-5;Olympia;Fischer;female;1995-12-31;2021-01-20;756;3926 Donec Av.;3;186;nec.tempus.mauris@egestas.net;Invalido;1;966331488
30798479-2;Sybill;Romero;male;1996-06-07;2021-01-31;637;P.O. Box 105, 3166 Sed Street;10;120;id.sapien.Cras@Etiamvestibulum.edu;Valido;1;980929739
30193295-2;Nigel;Landry;male;1998-10-15;2021-05-11;423;Ap #885-4919 Arcu. St.;7;51;enim.Etiam@semper.edu;Valido;1;926450371
32707387-7;Camille;Mccormick;female;1995-05-31;2021-03-08;219;5567 Velit Rd.;8;60;tincidunt@sapien.ca;Invalido;3;957411371
35169928-0;Rafael;Franco;female;1991-04-01;2021-05-03;608;P.O. Box 989, 3223 Tincidunt Road;2;38;leo.in.lobortis@Morbi.ca;Valido;1;977714417
19691185-5;Iona;Calhoun;male;1994-02-01;2021-03-22;684;P.O. Box 208, 7424 Consectetuer Avenue;2;76;magna@Nullamfeugiatplacerat.ca;Valido;2;979949407
40679179-3;David;Harrison;male;1995-02-19;2021-05-04;501;P.O. Box 537, 7622 Aenean Avenue;7;47;nibh.Donec.est@vulputate.org;Valido;3;941302215
5451898-6;Erich;Michael;female;1991-11-27;2021-04-12;163;565-8354 Sapien Street;6;198;faucibus.orci.luctus@est.org;Valido;2;954162237
30662022-3;Chandler;Gutierrez;female;1999-05-28;2021-04-25;873;Ap #816-5343 Elit, Rd.;7;108;Curabitur.vel@risusatfringilla.com;Valido;2;999899531
33198217-2;Vernon;Mueller;male;1998-01-31;2021-02-20;462;817-9691 Suspendisse Ave;6;146;vitae.posuere@egestasligula.net;Invalido;3;930017059
15990112-2;David;Herman;male;1999-09-28;2021-04-14;984;352-9267 Nonummy Ave;4;189;Sed.diam.lorem@euneque.ca;Valido;3;909240206
29400098-4;Karleigh;Waller;female;1993-11-18;2021-03-19;949;P.O. Box 742, 4959 Diam. Av.;5;173;risus.Donec@nasceturridiculus.org;Valido;2;994363497
46641226-0;MacKensie;Newman;female;1994-10-20;2021-03-04;613;461-7662 Non Av.;2;76;Cras.sed@pharetra.org;Invalido;3;976574705
7996357-7;Vladimir;Wiley;male;1997-08-29;2021-02-06;490;P.O. Box 523, 9679 Tellus Street;1;134;in.consectetuer.ipsum@posuere.net;Invalido;2;962172389
37895095-3;Oscar;Hurst;male;1995-08-26;2021-03-29;358;6248 Sagittis. Rd.;2;49;Quisque.libero@consectetuer.ca;Invalido;2;918245280
38033562-K;Lane;Duran;female;1999-02-01;2021-03-09;39;911-3837 Amet St.;2;47;nisl.elementum.purus@adipiscingelitAliquam.ca;Valido;1;908097305
45756402-3;Olympia;Witt;female;1992-07-15;2021-01-28;488;P.O. Box 162, 6039 Velit St.;10;64;lacus@nequeSedeget.edu;Invalido;3;900751435
5536375-7;Basia;Joyce;male;1997-07-13;2021-02-06;861;P.O. Box 212, 3595 Aliquam St.;3;149;vitae@idrisus.ca;Invalido;3;900469686
28697302-7;Stephanie;Brennan;male;1996-10-11;2021-02-16;161;499-9165 Ligula Rd.;9;102;arcu@sedorci.net;Valido;1;976794945
43199217-5;Jin;Good;female;1995-05-26;2021-03-12;119;P.O. Box 605, 1013 Tristique Av.;3;98;In.nec@scelerisquenequeNullam.org;Invalido;2;977538222
47100252-6;Edward;Everett;female;1991-04-12;2021-05-02;921;2846 Nullam St.;4;151;semper.rutrum@pedeNunc.ca;Invalido;3;913299646
23749616-7;Whoopi;Barlow;male;1992-03-15;2021-01-06;958;441-8364 Vel Rd.;6;113;Quisque@pedenec.ca;Invalido;3;962981016
6420525-0;Nadine;Gardner;male;1999-03-07;2021-02-15;600;Ap #166-3642 Luctus Av.;8;30;Aenean.egestas@Pellentesqueutipsum.org;Valido;1;928293962
21963415-3;Gillian;Oconnor;female;1997-01-24;2021-04-13;607;Ap #115-9478 Sagittis Avenue;4;100;Aliquam@metusfacilisis.edu;Valido;2;975057652
16874393-9;Vanna;Knapp;female;1991-02-28;2021-05-10;45;7015 Libero Rd.;1;199;elit.erat.vitae@eu.org;Invalido;1;925004823
29060922-4;Jolie;Kane;male;1996-04-12;2021-04-21;604;828-2887 Nonummy Ave;3;142;amet.ante@turpisNulla.com;Invalido;2;982469340
30761189-9;Ora;Keller;male;1994-06-20;2021-01-15;185;P.O. Box 990, 5262 Elit Street;1;75;id@fringilla.net;Valido;1;936851597
49597998-9;Tanisha;Johnson;female;1999-03-22;2021-05-06;750;7538 Neque Street;3;141;Donec@nibh.co.uk;Valido;2;915255533
34545067-K;Ann;Ratliff;female;1999-02-14;2021-04-15;932;457-1383 Urna Ave;1;80;augue.eu@Proinnisl.co.uk;Invalido;1;951464940
23522729-0;Allegra;Mcconnell;male;1998-04-02;2021-03-10;989;7565 In Ave;3;78;a.scelerisque@semelit.net;Invalido;3;945736797
6157679-7;Amity;Sutton;male;1994-05-02;2021-03-20;371;757-7013 Cursus, Avenue;5;170;Nunc.sed@tristique.edu;Invalido;2;972427437
29669988-8;Meghan;Pace;female;1992-07-19;2021-04-17;824;430-4013 Fringilla. Avenue;3;97;sem.Pellentesque.ut@netus.org;Valido;3;921788865
5549139-9;Avram;Baldwin;female;1996-11-21;2021-05-08;497;P.O. Box 927, 8340 Dis Street;7;58;nulla@indolorFusce.co.uk;Invalido;1;983015714
22159800-8;Colorado;Goodwin;male;1994-03-13;2021-03-30;462;6871 At, Rd.;4;33;lacus.Quisque@amet.com;Valido;2;956833844
43441998-0;Burke;Cantrell;male;1991-05-23;2021-04-01;889;Ap #206-4915 Velit St.;3;34;Donec.consectetuer.mauris@venenatisamagna.ca;Invalido;2;991388633
33529603-6;Jason;Wallace;female;1995-05-18;2021-02-27;693;P.O. Box 172, 6632 Mauris St.;7;140;felis.adipiscing.fringilla@vulputateposuere.edu;Valido;2;944145805
32992962-0;Lydia;Cannon;female;1992-05-30;2021-02-13;273;144-9275 Vulputate Av.;7;50;dolor.vitae@arcu.org;Valido;3;998935572
42306305-K;Fallon;Fowler;male;1994-09-02;2021-04-27;575;P.O. Box 236, 5407 Phasellus Road;3;137;Aliquam@lorem.edu;Valido;1;927522747
37069534-2;MacKenzie;Hansen;male;1996-03-27;2021-03-20;176;4342 Erat. St.;8;149;auctor.quis@risusDonecegestas.net;Invalido;2;983420058
43994599-0;Carol;Terry;female;1992-05-06;2021-02-16;416;Ap #353-6085 Tincidunt Road;4;148;tellus.justo.sit@elementum.ca;Valido;1;905850843
25008534-6;Hilary;Austin;female;1994-10-21;2021-01-04;463;P.O. Box 641, 8472 Vel, Street;6;61;ut.mi@nulla.net;Valido;3;917186233
25443085-4;Kylee;Grant;male;1990-03-21;2021-04-13;994;P.O. Box 665, 8553 Lacinia Road;7;145;diam.Proin@sed.ca;Invalido;3;933703509
42589503-6;Burke;Ratliff;male;1994-09-21;2021-03-18;720;661-4234 Tincidunt Av.;8;116;et.magnis@Curabiturutodio.co.uk;Invalido;3;972721384
50802291-3;Colt;Fernandez;female;1999-06-11;2021-05-08;479;1332 Diam. Street;7;94;cursus.vestibulum.Mauris@vitaepurusgravida.com;Invalido;3;915573607
38952442-5;Haviva;Wilkins;female;1997-11-12;2021-03-13;710;P.O. Box 358, 3265 Quis, Avenue;9;195;erat@a.org;Invalido;3;985495241
21746536-2;Whitney;Estrada;male;1998-11-12;2021-02-16;77;901 Nascetur Ave;1;159;nibh@leoinlobortis.co.uk;Valido;2;903832706
21518655-5;Madison;Pacheco;male;1998-01-08;2021-04-04;828;P.O. Box 619, 4800 Ligula. Street;3;107;dui.Fusce@scelerisque.net;Valido;2;994654379
18323715-2;Bert;Fuentes;female;1996-04-19;2021-04-08;980;646-8067 Est Street;8;74;imperdiet@faucibusleoin.net;Valido;3;986811576
37106758-2;Brandon;Beck;female;1995-08-18;2021-02-08;869;6880 Sed, Avenue;2;35;orci.Ut@dolorFuscefeugiat.net;Valido;1;993412538
36357236-7;Kylee;Powell;male;1991-03-25;2021-04-15;763;P.O. Box 163, 9714 Ut Avenue;7;37;lobortis@utmiDuis.co.uk;Valido;1;945739148
39550642-0;Donovan;Lawrence;male;1996-07-26;2021-03-13;174;P.O. Box 996, 1106 Nunc Ave;5;199;a@ut.org;Valido;1;947920853
15299693-4;Flynn;Daugherty;female;1998-03-10;2021-05-14;845;P.O. Box 735, 644 Curabitur Avenue;3;171;iaculis.lacus@aduiCras.com;Valido;1;993121191
23338763-0;Melinda;Barron;female;1996-06-05;2021-03-16;820;P.O. Box 646, 6778 Amet Ave;9;117;penatibus@egestas.edu;Valido;1;943632711
15190266-9;Jasmine;Whitney;male;1994-05-30;2021-04-04;884;725-8431 Egestas Rd.;1;129;adipiscing.fringilla@luctusut.co.uk;Invalido;1;994229064
19885651-7;Matthew;Wilkins;male;1994-11-06;2021-04-17;214;5128 Fringilla Av.;5;136;Praesent.eu@commodohendrerit.com;Invalido;2;955854059
27816052-1;Charity;Salazar;female;1997-05-11;2021-05-01;700;Ap #151-2908 Molestie Rd.;8;112;ante@augueeutempor.com;Valido;2;998506438
17691351-7;Jesse;Hayden;female;1999-09-11;2021-03-16;895;Ap #412-6917 Et Street;8;106;Fusce.mollis.Duis@tincidunt.com;Valido;1;942765077
12585923-2;Odysseus;Foreman;male;1993-09-08;2021-02-05;452;5643 Sapien. Avenue;8;174;dui.Fusce@nulla.co.uk;Valido;2;979573766
32598618-2;Christen;Howell;male;1993-05-29;2021-05-09;261;8230 Ultrices, Road;9;171;iaculis.odio@nec.ca;Invalido;1;991871563
33718013-2;Tana;Strong;female;1994-04-23;2021-02-16;158;6473 Convallis Rd.;10;83;vehicula.aliquet@felispurusac.net;Valido;2;901298128
7281083-K;Porter;Garcia;female;1996-10-31;2021-01-12;700;P.O. Box 902, 1410 Lacus. St.;4;181;molestie@Integervitaenibh.com;Invalido;3;950419950
22579822-2;Mufutau;Lang;male;1995-06-20;2021-02-10;519;253 Fringilla Rd.;1;77;vestibulum@Duismienim.net;Valido;3;955095263
26085997-8;Yuli;Henry;male;1997-03-18;2021-03-03;768;Ap #467-5041 Nisl Av.;9;167;vulputate.posuere@scelerisqueloremipsum.org;Invalido;1;975343626
39407577-9;Salvador;Donaldson;female;1995-10-14;2021-03-06;320;649-5580 Neque Rd.;3;67;at.auctor@antedictum.edu;Valido;1;980288218
15957205-6;Hayley;Hodge;female;1990-02-06;2021-03-25;140;334-9208 Quam Av.;10;178;ullamcorper.Duis.cursus@quamdignissim.org;Valido;2;982159252
27067924-2;Serena;Villarreal;male;1992-10-22;2021-04-06;266;P.O. Box 899, 1664 Donec Rd.;10;90;et@commodoauctorvelit.com;Valido;2;987521801
33787587-4;Colin;Ashley;male;1999-11-28;2021-01-10;47;Ap #252-3838 Etiam Road;2;58;Mauris@ligula.com;Invalido;3;956646364
47838355-K;Brody;Finley;female;1998-07-27;2021-04-08;986;P.O. Box 899, 3180 Quam. Rd.;5;178;mauris.rhoncus.id@sagittisNullamvitae.co.uk;Invalido;1;945214389
44833502-K;Teegan;Guthrie;female;1997-11-05;2021-01-10;104;5342 Ornare, Street;6;186;facilisis.eget.ipsum@MaurisnullaInteger.edu;Valido;3;959034520
10583055-6;Kasimir;Case;male;1990-03-11;2021-05-03;59;Ap #290-2014 Urna Rd.;10;66;non.quam@necorci.co.uk;Valido;1;968181754
32448746-8;Chloe;Farley;male;1999-04-15;2021-03-17;94;352-1956 Sem Street;7;110;Sed@lobortisnisi.net;Valido;1;992121692
34962565-2;Charles;Soto;female;1991-08-16;2021-01-22;522;108-6883 Laoreet St.;1;35;aliquet.magna.a@velitinaliquet.ca;Invalido;3;983680136
44765710-4;Rose;Foster;female;1998-08-22;2021-02-04;266;P.O. Box 628, 826 Enim St.;6;79;rhoncus.Nullam.velit@risusodioauctor.edu;Invalido;2;915033223
23353129-4;Quinn;Osborn;male;1996-06-13;2021-04-25;606;Ap #107-8564 Volutpat Ave;7;137;non.nisi@nislarcu.org;Valido;1;978604308
44286315-6;Brennan;Lawson;male;1991-02-18;2021-03-27;57;Ap #802-3330 Lectus. Road;3;85;mus.Proin@ligula.edu;Valido;2;943676001
27243134-5;Dean;Guerrero;female;1996-12-28;2021-04-12;748;Ap #821-9860 Lectus Av.;9;136;vitae@ante.co.uk;Valido;2;990001194
14619205-K;Jerry;Cortez;female;1997-12-07;2021-04-14;482;6777 Aliquet, Avenue;1;167;vestibulum.nec@Seddiamlorem.net;Valido;2;987645357
11077373-0;Flavia;Kline;male;1990-11-11;2021-04-23;282;P.O. Box 173, 706 Feugiat Rd.;6;46;Vestibulum.ut.eros@Duis.org;Invalido;3;976413217
36431286-5;Damon;Pennington;male;1995-05-10;2021-01-29;887;537-7658 Semper Road;10;96;sodales.at.velit@nequeNullamnisl.org;Valido;1;962448773
29287746-3;Porter;Mcmahon;female;1996-09-09;2021-02-02;850;9694 Ligula Avenue;5;75;Morbi.sit.amet@habitantmorbi.org;Invalido;1;911963239
34741057-8;Cameron;Hunt;female;1993-11-02;2021-01-13;383;9524 Donec Avenue;5;173;Proin.eget.odio@disparturientmontes.ca;Invalido;3;933095994
36369685-6;Abdul;Nash;male;1994-01-24;2021-01-07;8;P.O. Box 415, 5950 Et St.;6;147;Donec.tincidunt.Donec@pedeultrices.ca;Invalido;2;999045285
40985390-0;Clementine;Bowman;male;1991-01-14;2021-03-29;236;1606 Donec Av.;10;154;vulputate@semper.co.uk;Valido;3;983637467
48439984-0;Carter;Wiggins;female;1998-11-11;2021-05-11;458;224-5727 Aenean St.;9;80;vitae.nibh@fermentumvelmauris.co.uk;Invalido;1;968359918
26759698-0;Shoshana;Stout;female;1993-03-25;2021-03-10;732;Ap #635-5914 Sodales. Rd.;9;43;dolor.quam.elementum@Donec.com;Valido;2;980353593
37073136-5;Tucker;Bruce;male;1991-07-24;2021-04-13;115;P.O. Box 161, 1484 Aliquet, Rd.;10;38;Nunc@adipiscingMauris.edu;Invalido;2;981390288
36864472-2;Sonia;Joyner;male;1998-11-16;2021-05-04;130;P.O. Box 215, 6178 Risus. St.;10;145;non.cursus@auguemalesuadamalesuada.org;Valido;2;938275291
34857195-8;Claudia;Richardson;female;1993-06-25;2021-01-23;564;P.O. Box 257, 1856 Leo. Street;1;141;amet.ultricies.sem@lobortisrisus.com;Valido;3;963628654
15500928-4;Chanda;Schneider;female;1998-10-30;2021-02-05;48;Ap #242-6270 Pulvinar St.;8;52;lacus.Etiam.bibendum@dapibusid.edu;Invalido;3;974199193
40783767-3;Lucius;Morrison;male;1998-07-01;2021-04-25;425;Ap #385-3875 Faucibus Road;5;169;placerat.eget@vitaenibh.ca;Invalido;2;929625406
48861698-6;Maia;White;male;1995-12-01;2021-02-05;463;9949 Sit Rd.;7;143;vel.turpis.Aliquam@dictumProineget.com;Invalido;1;984678319
22619915-2;Scarlett;Adams;female;1998-05-31;2021-02-17;966;P.O. Box 939, 6150 Ac Road;9;142;Suspendisse.aliquet.sem@congueelitsed.ca;Valido;3;949868104
7472142-7;Victoria;Mooney;female;1991-07-23;2021-04-27;403;7034 Venenatis Road;1;154;leo.Vivamus.nibh@risus.org;Valido;3;987374080
31588481-0;Margaret;Wooten;male;1993-11-20;2021-04-30;597;Ap #110-9720 Maecenas Rd.;6;141;non@velitin.edu;Valido;3;994709426
26570772-6;Vladimir;Coleman;male;1993-05-16;2021-03-26;226;553-4253 Quis Rd.;1;171;Cras@metussit.com;Invalido;1;914133080
38450796-4;Neil;Puckett;female;1996-05-16;2021-01-01;38;P.O. Box 360, 6117 Blandit Road;9;190;neque.et@enimsit.com;Invalido;2;982018545
21016540-1;Seth;Pope;female;1991-04-15;2021-01-12;232;Ap #361-4358 Sed St.;5;133;Morbi.vehicula@Donec.org;Valido;3;952435902
23873216-6;Shafira;Foreman;male;1993-03-31;2021-01-25;216;Ap #836-9895 Est Av.;6;158;amet.risus@egetvolutpat.edu;Valido;2;925462804
34287721-4;John;Ramirez;male;1997-06-19;2021-04-17;711;P.O. Box 342, 8111 Dictum Avenue;4;149;nisl.arcu@aliquet.edu;Invalido;2;953012423
35969664-7;Adria;Buchanan;female;1991-01-16;2021-04-01;339;P.O. Box 562, 487 Ante, Ave;10;62;Aliquam.ultrices.iaculis@tinciduntnequevitae.net;Invalido;3;957965723
35647026-5;Charde;Mcleod;female;1999-01-06;2021-04-17;679;Ap #708-7053 Orci. Av.;3;134;auctor.velit.eget@at.co.uk;Valido;3;904554881
37226334-2;Lillian;Hunter;male;1998-02-08;2021-02-06;400;9270 Fames St.;7;129;urna.nec@interdumfeugiat.edu;Valido;3;924855292
33385947-5;Sierra;Fletcher;male;1995-10-30;2021-01-01;529;Ap #728-3889 Sit Rd.;1;64;lectus.justo.eu@euneque.com;Valido;3;947482820
14805526-2;Jonas;Todd;female;1999-08-21;2021-01-09;545;6717 Lectus. St.;10;143;In@sociisnatoque.edu;Valido;1;926842858
39985560-8;Nita;Coleman;female;1999-04-30;2021-01-18;596;1056 Commodo St.;10;77;dis@et.ca;Invalido;2;903643626
33706234-2;Xander;Cherry;male;1993-02-08;2021-02-01;26;5885 Sed St.;10;152;et@atliberoMorbi.net;Valido;3;948173982
43136818-8;Jenette;Nelson;male;1993-09-13;2021-01-14;569;P.O. Box 426, 1648 Diam St.;10;104;turpis.egestas.Aliquam@Sedeget.net;Valido;3;974311105
48413614-9;Russell;Benson;female;1998-10-25;2021-04-27;967;1284 Purus Rd.;7;152;consequat@fames.co.uk;Valido;3;923522302
27541673-8;Karina;Sweet;female;1990-08-12;2021-02-27;803;914-9281 Sit Rd.;6;39;sollicitudin.adipiscing.ligula@erosNam.co.uk;Valido;1;936986483
48504010-2;Nolan;Harper;male;1998-09-28;2021-04-30;53;P.O. Box 645, 4270 Ut Rd.;1;38;Donec@arcu.org;Invalido;2;906902137
25269252-5;Indigo;Thornton;male;1998-03-11;2021-04-07;66;623-7394 In Avenue;7;98;Phasellus.at@egestasAliquam.co.uk;Invalido;1;909299250
49858141-2;Cairo;Berg;female;1991-06-14;2021-01-22;387;674-2390 Orci. St.;4;160;augue@justoeuarcu.com;Valido;2;972539096
5837520-9;Aiko;Lyons;female;1997-06-18;2021-03-12;568;P.O. Box 833, 3365 Magnis St.;1;141;amet.ornare@vehiculaPellentesque.co.uk;Invalido;3;994222117
48705258-2;Mariam;Taylor;male;1998-09-19;2021-03-09;474;Ap #625-5821 Risus. Ave;6;153;elit.pede@risusat.edu;Invalido;2;979047109
47359572-9;Ciara;Blake;male;1992-01-13;2021-03-10;519;Ap #813-164 Tempus, St.;5;161;eu.nibh@dui.org;Valido;1;995133408
34931277-8;Hanna;Morris;female;1998-07-05;2021-03-24;992;435-6345 Molestie Street;7;156;eleifend.nunc@vitae.co.uk;Invalido;2;925211569
46254912-1;Daniel;Castaneda;female;1996-03-30;2021-01-29;896;P.O. Box 994, 2279 Nec Av.;5;42;sed@feugiatmetussit.com;Invalido;1;982678014
9086879-9;Quinn;Wolf;male;1999-05-19;2021-05-01;464;Ap #750-1809 Enim. Ave;8;103;Nunc.quis@nequevenenatis.ca;Invalido;2;945717114
43749898-9;Octavia;Maddox;male;1990-09-10;2021-03-16;327;4751 Ut St.;3;98;malesuada.ut.sem@NullaaliquetProin.edu;Valido;3;948290324
32913636-1;Deanna;Hunter;female;1992-11-17;2021-03-22;527;P.O. Box 954, 5877 Nec Street;4;64;auctor.odio.a@auctorvelitAliquam.ca;Valido;1;948888931
26296309-8;Keiko;Chan;female;1991-11-09;2021-05-04;811;2627 Aliquet Ave;10;165;Ut.tincidunt@eu.com;Invalido;1;975290701
34841855-6;Dillon;Herman;male;1995-06-15;2021-01-31;93;5807 Orci. St.;2;135;enim.nisl.elementum@arcuet.co.uk;Invalido;2;915955811
9795532-8;Amal;Jacobs;male;1993-10-23;2021-02-28;157;Ap #866-4514 Donec St.;1;127;arcu.Sed.eu@tellusNunc.com;Valido;3;996037504
45767927-0;Autumn;Moon;female;1991-06-30;2021-04-02;981;5717 Ultricies Avenue;3;81;odio.Etiam@orciconsectetuereuismod.org;Invalido;2;947520728
19452419-6;Yeo;Morales;female;1996-11-08;2021-04-14;969;Ap #159-3111 Justo Rd.;3;184;egestas.Aliquam.nec@sodalesnisi.com;Invalido;3;985250974
32246882-2;Eliana;Witt;male;1997-01-20;2021-02-17;471;P.O. Box 710, 6130 Primis Road;3;153;tellus@lobortisnisi.net;Invalido;3;985862355
19324893-4;Hall;Ayala;male;1994-11-19;2021-03-10;810;P.O. Box 672, 3734 Amet Av.;9;45;orci@tortordictumeu.co.uk;Valido;1;978225786
17898171-4;Barbara;Richmond;female;1997-07-09;2021-01-27;114;P.O. Box 684, 3887 A, Street;10;41;nibh.Quisque.nonummy@ametmetusAliquam.edu;Invalido;2;960829333
41761914-3;Peter;Palmer;female;1993-05-08;2021-01-03;682;396-5072 Non St.;9;129;justo@et.edu;Invalido;1;930722019
7764968-9;Eden;Kane;male;1999-06-04;2021-05-11;661;6982 Ornare. Street;10;46;at.arcu.Vestibulum@sit.co.uk;Invalido;1;918448213
32553229-7;Dexter;Harper;male;1998-10-11;2021-05-14;383;Ap #499-4115 Amet Avenue;8;181;Aliquam.erat.volutpat@Fuscefermentum.ca;Valido;3;926114407
46968822-4;Molly;Griffith;female;1997-08-06;2021-04-06;883;Ap #492-4727 Ut Av.;4;192;ac.metus@lacusQuisque.org;Valido;1;938243576
27731579-3;Demetria;Mendez;female;1995-12-04;2021-01-17;591;P.O. Box 585, 3683 Gravida. Av.;8;154;eget.laoreet.posuere@sodales.org;Invalido;2;957033412
25538690-5;Paul;Soto;male;1998-02-04;2021-04-30;414;Ap #106-3214 A, St.;2;169;consequat@sollicitudin.org;Invalido;3;945614989
16736236-2;Teagan;Carey;male;1992-07-25;2021-03-27;634;196-252 Duis St.;2;134;turpis.nec@gravida.edu;Valido;3;964138090
9786158-7;Hiram;Wong;female;1994-05-07;2021-02-08;967;Ap #472-196 Nonummy Avenue;8;133;massa.lobortis.ultrices@ultricesaauctor.com;Valido;1;931425387
35192190-0;Zoe;Cantrell;female;1991-07-13;2021-02-03;517;5713 Dolor. Ave;1;84;Suspendisse.aliquet@etnuncQuisque.org;Invalido;3;997785302
18985183-9;Rose;Casey;male;1994-12-27;2021-03-13;579;P.O. Box 277, 6059 Dictum Avenue;9;96;amet@utdolor.org;Valido;3;910080861
15857826-3;Richard;Hatfield;male;1996-04-30;2021-02-27;612;P.O. Box 883, 2027 Magna St.;6;88;velit.Pellentesque.ultricies@auctorodio.org;Invalido;3;983419104
38549377-0;Brian;Thornton;female;1999-04-04;2021-01-07;997;Ap #192-6041 Non, Rd.;1;94;sodales.Mauris.blandit@ridiculusmusProin.net;Invalido;2;931596636
19592528-3;Dakota;Emerson;female;1993-05-15;2021-03-18;812;Ap #279-9290 Ipsum Street;10;104;dictum@ullamcorperDuiscursus.ca;Valido;1;948069148
24989423-0;Sheila;Barnes;male;1996-07-31;2021-01-29;129;7594 Mauris Avenue;4;124;lorem.luctus@cursusvestibulumMauris.org;Valido;1;952079041
17901018-6;Laith;Figueroa;male;1991-06-24;2021-03-27;326;420-4294 Proin Street;9;39;et.commodo.at@etultrices.org;Valido;2;946353479
17846336-5;Rebecca;Pate;female;1995-10-02;2021-02-24;114;7614 Lacus. Rd.;4;198;natoque.penatibus@malesuadafames.com;Valido;3;969663238
49339653-6;Kato;Wagner;female;1994-06-24;2021-01-29;103;Ap #888-8711 Quam Rd.;9;176;Aliquam.vulputate@convallisin.net;Valido;3;900644701
41577434-6;Burke;Green;male;1999-12-21;2021-04-27;428;466-4325 Euismod Av.;3;136;amet@pulvinararcuet.co.uk;Valido;1;921117208
31153231-6;Randall;Frank;male;1993-07-29;2021-02-05;235;P.O. Box 693, 502 Curabitur Street;7;180;Nullam.suscipit@ridiculusmusAenean.org;Valido;1;986962405
50995720-7;Rahim;Medina;female;1992-12-23;2021-05-13;11;Ap #135-324 Nam Road;3;162;Etiam@odio.net;Valido;3;916217602
50763257-2;Dante;Sharp;female;1991-07-25;2021-01-09;793;P.O. Box 584, 6789 Sed Ave;5;183;blandit.Nam@dolor.co.uk;Invalido;3;997928736
23339054-2;Addison;Bradford;male;1997-03-09;2021-02-23;123;4994 Nibh Avenue;9;62;elit.pharetra.ut@velit.com;Invalido;3;935679417
19429628-2;Indigo;Anderson;male;1990-02-24;2021-03-08;391;Ap #230-3814 Et Street;8;133;eu.odio@ipsum.net;Valido;3;934797218
14628375-6;Adrian;Meyers;female;1995-10-18;2021-01-17;236;P.O. Box 584, 5233 Sociis Road;5;74;dignissim.lacus@iaculis.com;Valido;1;973708438
6700642-9;Cassady;Petersen;female;1999-04-09;2021-02-26;635;P.O. Box 395, 902 Bibendum. Road;8;105;non@semut.com;Invalido;3;958165857
46446687-8;Hayfa;Franks;male;1991-01-08;2021-02-13;525;6114 Dapibus St.;6;88;imperdiet.ornare.In@Curabiturutodio.edu;Invalido;1;988236906
47693086-3;Jesse;Mcgowan;male;1994-11-18;2021-01-25;960;7087 Convallis St.;9;36;nec.imperdiet.nec@massaVestibulumaccumsan.org;Valido;1;962106011
18042520-9;Angelica;Navarro;female;1992-05-28;2021-02-19;735;5282 Id St.;9;92;Fusce.mollis.Duis@purus.net;Invalido;3;923478573
39763299-7;Emi;Tucker;female;1992-09-28;2021-01-29;522;9985 Montes, Avenue;6;111;eu.ligula.Aenean@ullamcorper.co.uk;Valido;3;973330453
7283344-9;Kameko;Phillips;male;1997-01-06;2021-02-11;22;775-155 Pede Avenue;3;105;Suspendisse@nequepellentesque.net;Valido;3;932737867
30541201-5;Buffy;Baldwin;male;1990-07-16;2021-02-06;853;8330 At Road;8;128;pede@velquam.org;Valido;1;994059492
23266913-6;Ivy;Franco;female;1993-05-13;2021-01-26;60;5657 Ullamcorper Street;3;90;nunc@ornareelit.net;Invalido;1;962824006
27902143-6;Joshua;Bernard;female;1993-03-07;2021-05-08;214;P.O. Box 249, 1945 Et St.;7;149;Sed.malesuada@urnaetarcu.com;Invalido;2;919920646
42155766-7;Colorado;Ortiz;male;1994-07-22;2021-03-05;56;P.O. Box 791, 7653 Ac Road;5;160;nisl.sem.consequat@Namac.co.uk;Invalido;3;928585204
14969550-8;Brynn;Dickerson;male;1997-11-17;2021-04-29;965;5924 Amet Street;6;170;ac.fermentum.vel@eget.edu;Invalido;1;990144186
44740557-1;Nola;Woodward;female;1990-01-05;2021-05-11;242;9356 Gravida Road;3;54;Suspendisse.aliquet@nunc.com;Invalido;2;970485367
11857873-2;Keelie;Humphrey;female;1997-05-13;2021-01-25;227;468-2353 Augue St.;6;37;quam.quis.diam@acmetus.co.uk;Valido;3;959135173
44868020-7;Kellie;Pacheco;male;1998-07-19;2021-02-08;693;Ap #513-258 Malesuada Av.;10;134;aliquet.molestie@fermentumarcuVestibulum.net;Invalido;2;950005162
16977002-6;August;Kirk;male;1994-02-07;2021-05-06;736;3040 Ante St.;1;52;neque@vel.com;Valido;2;988111341
28218303-K;Halla;Burks;female;1993-06-23;2021-01-22;788;752-4120 Pellentesque Ave;10;84;quam.Curabitur.vel@loremDonecelementum.org;Valido;3;990928553
47449817-4;Brielle;Schmidt;female;1996-12-15;2021-05-11;374;317-2284 Ac Avenue;9;84;egestas.urna@consectetuereuismod.ca;Invalido;1;976211890
18557816-K;Kato;Hernandez;male;1994-04-22;2021-02-15;232;3412 Lorem Street;3;41;eu@tristiquenequevenenatis.edu;Valido;3;954100274
49474988-2;Natalie;Ford;male;1998-10-11;2021-01-19;663;472 Vehicula Street;4;89;bibendum.fermentum.metus@vel.org;Invalido;1;986604970
48533482-3;Joel;Mendoza;female;1999-12-12;2021-04-22;538;875-8422 Egestas Rd.;4;151;et@felispurus.com;Invalido;3;907527977
6939842-1;Scarlett;Dixon;female;1994-03-25;2021-03-10;459;Ap #677-2961 Aliquet Rd.;7;114;sed.turpis@ametfaucibus.edu;Valido;3;907396436
15580337-1;Lucas;Stanton;male;1995-09-09;2021-05-01;723;Ap #938-3417 Ante. Road;4;111;Curabitur@Aliquamrutrumlorem.edu;Invalido;2;960792738
50586361-5;Erich;Daniels;male;1996-04-25;2021-03-06;353;3437 Ut Av.;9;192;risus.at@facilisisfacilisismagna.edu;Valido;2;974524473
11878598-3;Ginger;Ball;female;1993-01-11;2021-02-09;857;7740 Ut Ave;8;105;vitae.sodales.nisi@lectus.net;Invalido;2;970500756
10981834-8;Brittany;Foley;female;1993-07-16;2021-02-10;161;P.O. Box 551, 2227 Nulla. Av.;2;176;at@velvulputate.edu;Invalido;1;908498885
22434444-9;Allen;Henderson;male;1991-08-24;2021-03-23;902;7468 Tristique Av.;8;164;facilisis@Phaselluselit.net;Valido;2;915195406
10131367-0;Yoko;Bridges;male;1998-07-02;2021-05-11;475;982-4955 Nisl. Ave;10;171;tortor.nibh@iaculisodio.ca;Invalido;1;993815342
23367088-K;Anjolie;Reeves;female;1996-09-22;2021-04-11;800;Ap #537-1504 Hendrerit Road;8;143;non@posuereenim.net;Valido;1;950512388
43306845-9;Deirdre;Webster;female;1997-05-02;2021-02-05;549;734-3166 Massa St.;9;66;Phasellus.ornare@eget.edu;Valido;1;927591313
19388356-7;Jacqueline;Williams;male;1993-06-02;2021-01-09;72;Ap #418-6805 Mauris Road;9;103;iaculis@porttitortellus.co.uk;Valido;2;967593914
24812582-9;Ima;Carter;male;1998-07-27;2021-01-13;0;421-3138 Metus. Road;8;173;ornare.libero@Phasellusfermentum.co.uk;Valido;3;905547507
37731990-7;Hedy;Copeland;female;1995-03-02;2021-01-22;524;P.O. Box 897, 4694 Imperdiet St.;2;91;lacus@sagittisaugue.ca;Valido;2;998880567
50166952-0;Bruce;Saunders;female;1996-06-07;2021-03-01;967;1106 Quisque Street;1;151;in.cursus@dapibus.net;Invalido;2;983597301
45756922-K;Yen;Reynolds;male;1990-03-19;2021-04-27;643;P.O. Box 166, 4015 Amet Ave;4;57;est.mauris.rhoncus@risus.org;Invalido;2;912380626
26447649-6;Tashya;Mathis;male;1997-02-26;2021-02-12;157;576 At Rd.;8;137;Sed.dictum@eudui.ca;Invalido;3;992841943
46028363-9;Wyatt;Soto;female;1997-10-02;2021-03-16;56;Ap #813-2751 Ut, St.;6;130;Lorem.ipsum.dolor@bibendum.co.uk;Valido;3;901124923
31325811-4;Derek;Forbes;female;1991-04-20;2021-03-16;747;P.O. Box 732, 8144 Justo. Avenue;6;175;dui.Fusce.aliquam@QuisquevariusNam.ca;Valido;2;962820826
13752798-7;Lucy;Crane;male;1998-04-16;2021-02-20;495;Ap #280-2097 Feugiat Avenue;2;105;ornare@feugiat.org;Invalido;3;961325416
8054090-6;MacKenzie;Cline;male;1993-11-18;2021-05-09;812;Ap #528-1701 Sociis Av.;5;44;lobortis.quis@magna.com;Invalido;1;962968927
46891123-K;Mari;Lynn;female;1997-06-02;2021-04-27;143;1480 Quisque Rd.;5;124;Nunc@Proinvelit.edu;Valido;3;900977887
18706831-2;Allistair;Ferrell;female;1990-08-12;2021-04-05;160;P.O. Box 726, 4379 Tincidunt Ave;5;150;lacus@lacusMaurisnon.ca;Invalido;1;927505747
42288001-1;Quincy;Bullock;male;1993-03-25;2021-04-06;663;Ap #996-3165 Molestie Street;6;128;rhoncus.Donec.est@Quisqueimperdiet.edu;Valido;2;967296837
37610967-4;Christine;Acosta;male;1992-03-15;2021-02-10;191;418-703 In Rd.;2;79;blandit.mattis.Cras@nequetellus.ca;Invalido;3;972411251
29858826-9;Yeo;Frye;female;1993-12-27;2021-05-03;486;573-6578 Phasellus Rd.;7;58;eu@egestas.net;Invalido;3;916503535
27614436-7;Boris;Bates;female;1995-03-27;2021-02-06;363;9296 Risus. St.;8;196;non.leo.Vivamus@idrisus.edu;Valido;1;914778722
10013281-8;Cailin;Burton;male;1990-02-18;2021-02-09;612;758-6997 Dictum St.;4;64;cursus.purus.Nullam@nonummyFuscefermentum.net;Invalido;3;987399464
21151448-5;Aline;Reynolds;male;1997-02-24;2021-03-06;977;P.O. Box 903, 2040 Proin St.;4;58;eget.metus.eu@anteMaecenasmi.ca;Invalido;3;929873779
24977267-4;Chastity;Long;female;1994-02-10;2021-02-18;186;8705 Adipiscing Avenue;6;63;ipsum.primis@vitaepurusgravida.net;Valido;3;930342446
28849398-7;Chloe;Stark;female;1990-01-19;2021-03-01;998;6742 Enim St.;8;104;Fusce.dolor@Suspendissenon.com;Valido;1;901004077
33062185-0;Keith;Mckenzie;male;1994-09-01;2021-02-17;113;3954 Tempus Avenue;1;57;Proin.sed@Nullafacilisi.co.uk;Valido;3;946725832
23372106-9;Kay;Dickson;male;1996-09-25;2021-03-02;344;4473 Fringilla Street;7;191;accumsan.convallis.ante@magnaSuspendisse.com;Valido;1;962064803
19202548-6;Raymond;Stevenson;female;1997-07-01;2021-01-25;915;Ap #886-4798 Duis Ave;4;57;cursus@dictumultricies.edu;Invalido;2;963575058
35480621-5;Graham;Pope;female;1995-10-10;2021-02-10;206;Ap #168-2665 Facilisis St.;2;158;mauris.Integer.sem@enimEtiamimperdiet.co.uk;Valido;3;947135034
42854683-0;Ahmed;Odom;male;1999-12-20;2021-03-23;154;969-1870 Nunc Av.;7;56;ipsum.leo@tortordictum.net;Valido;2;947310620
7369909-6;Ulla;Ewing;male;1995-04-06;2021-01-23;713;5203 Nunc Street;1;176;Donec@Aeneansedpede.co.uk;Invalido;3;960117771
43404884-2;Brenden;Crosby;female;1990-11-15;2021-02-07;128;718-9518 Dolor Road;7;56;Curabitur@arcuVivamus.org;Invalido;2;936167768
44338076-0;Helen;William;female;1996-01-26;2021-02-18;840;2558 Ut Ave;3;30;ultrices.mauris.ipsum@Seddiamlorem.net;Invalido;1;976419373
24929929-4;Keane;Rowland;male;1991-08-04;2021-05-07;810;2507 Fames Road;6;112;nunc@idlibero.net;Valido;2;931254124
5620251-K;Erin;Richards;male;1991-07-05;2021-03-30;595;334-5014 Tellus St.;10;38;nonummy@risusatfringilla.net;Valido;1;929110523
22843507-4;Quin;Mills;female;1990-11-13;2021-03-13;535;138-1503 Aliquam Av.;7;32;mattis.Cras@utpellentesqueeget.co.uk;Invalido;1;938935506
13009391-4;Rama;Blevins;female;1997-07-01;2021-01-18;9;128 In Rd.;7;121;dolor.vitae@varius.com;Invalido;2;990053118
47915022-2;Mechelle;Olsen;male;1990-06-17;2021-01-14;274;576-2402 Auctor. Street;10;59;neque.Nullam@posuerecubiliaCurae.co.uk;Valido;2;913462610
34309058-7;Britanni;Dunn;male;1995-09-12;2021-02-01;742;P.O. Box 398, 954 Molestie Rd.;8;142;a.enim.Suspendisse@anteMaecenas.ca;Valido;1;923077847
5072431-K;Nissim;Owens;female;1997-01-03;2021-01-10;48;9335 Malesuada Av.;3;36;ligula@ametrisus.ca;Invalido;3;934478918
42593613-1;Alexander;Sloan;female;1996-08-22;2021-03-13;228;P.O. Box 308, 9481 Mauris Avenue;1;87;eget@necorciDonec.ca;Invalido;2;908328199
38559770-3;Cynthia;Davis;male;1998-06-15;2021-02-03;798;P.O. Box 598, 5036 Enim. Rd.;2;85;non.vestibulum.nec@Aliquamultrices.net;Invalido;1;973136276
42132517-0;Justin;Garcia;male;1997-06-01;2021-05-03;739;Ap #844-7039 Lectus Rd.;7;164;quam.vel@arcu.net;Valido;2;988221431
20877944-3;Josiah;Mullins;female;1991-10-15;2021-01-22;86;960-5073 Mi Road;9;34;dignissim@nunc.org;Valido;2;939482896
34566027-5;Vera;Cash;female;1997-07-28;2021-03-12;341;Ap #920-7439 Dictum. Rd.;10;158;cursus@egetmetus.ca;Valido;2;929927948
8064996-7;Channing;Lott;male;1991-12-12;2021-03-20;315;8930 Leo. Ave;7;139;magnis.dis.parturient@convallis.net;Valido;2;991380457
37569607-K;Xenos;Winters;male;1996-09-11;2021-04-26;295;5178 Nullam St.;9;83;in.faucibus@veliteu.com;Invalido;2;917438385
26343383-1;Rylee;Burnett;female;1995-06-05;2021-01-29;682;9734 Fusce Avenue;5;139;et.tristique@hendreritconsectetuercursus.net;Invalido;1;914714270
37131496-2;Nell;House;female;1991-06-18;2021-02-08;804;Ap #715-2606 Aliquam St.;5;128;nulla.In@quispedePraesent.net;Valido;2;951885434
50213608-9;Leo;Mccullough;male;1998-04-04;2021-04-12;997;1211 Neque St.;9;181;eu.odio@ultricies.com;Valido;3;962134662
22791006-2;Chelsea;Moses;male;1992-11-26;2021-01-12;521;P.O. Box 401, 3413 Dolor. St.;8;44;quis@vel.org;Valido;3;973511239
44313893-5;Lara;Mason;female;1999-12-17;2021-03-29;655;9467 Natoque St.;9;65;montes@velit.ca;Invalido;3;926680761
46945578-5;Edan;Duffy;female;1991-12-08;2021-01-31;912;P.O. Box 575, 4580 Metus. Avenue;8;41;luctus@Donecatarcu.ca;Valido;1;929639469
20630196-1;Yuli;Hicks;male;1999-01-26;2021-02-12;265;536-3397 Placerat Av.;4;108;ultricies.ornare.elit@etipsumcursus.com;Invalido;1;900696177
50668135-9;Hamish;Duncan;male;1998-09-15;2021-01-17;841;255-1827 Eget St.;5;62;ante.iaculis.nec@pretium.org;Invalido;1;940824386
45146631-3;Zephania;Gilbert;female;1991-02-05;2021-02-25;620;7613 Lorem Av.;9;182;tempor.arcu.Vestibulum@eu.com;Invalido;1;904674105
41212651-3;Dalton;Castaneda;female;1991-11-23;2021-04-14;487;Ap #913-2562 Imperdiet, Rd.;3;164;Sed@Loremipsumdolor.org;Invalido;3;926230630
45991734-9;Eliana;Wilkerson;male;1998-08-20;2021-05-14;626;948-7328 Molestie Ave;1;72;tincidunt.dui.augue@fermentum.ca;Invalido;1;968749682
18014320-3;Sandra;Guy;male;1990-10-06;2021-01-16;894;Ap #252-4816 Laoreet, Ave;7;161;faucibus@aarcu.ca;Valido;2;951346117
48146722-5;Solomon;Newman;female;1998-08-24;2021-04-11;222;Ap #110-5738 Nunc. Rd.;4;96;aliquet.odio@diamluctus.org;Invalido;1;917164924
35618637-0;Beatrice;Robertson;female;1990-08-05;2021-04-12;161;640-5910 Molestie Ave;1;189;ipsum.Suspendisse.non@interdumenimnon.com;Valido;1;945875028
41660091-0;Cameran;Nixon;male;1992-11-18;2021-01-19;525;814-2508 Purus, Ave;4;32;sem@Donec.org;Invalido;3;983149403
46728945-4;Ryder;Wilkerson;male;1991-07-08;2021-04-20;568;Ap #321-4350 Et Avenue;8;122;habitant@tempus.edu;Valido;2;998956431
36862297-4;Ignatius;Mack;female;1999-07-24;2021-02-06;892;6205 Venenatis Rd.;10;95;ornare.libero.at@Cum.com;Invalido;3;981212833
35183131-6;Robert;Webster;female;1994-10-14;2021-01-21;357;981-9670 Donec Street;1;112;lacus@nequeSedeget.ca;Valido;1;930910529
45663295-5;Erasmus;Cross;male;1999-02-05;2021-03-05;614;289-5213 Metus Av.;1;118;dis.parturient@Aliquam.org;Valido;2;924815901
37269903-5;Tyler;Molina;male;1991-04-24;2021-03-24;426;732-9340 Rutrum Rd.;7;74;metus.In.lorem@pellentesqueSeddictum.org;Valido;3;920814795
31004053-3;Cassandra;Fowler;female;1993-02-19;2021-01-08;799;Ap #647-7787 Bibendum Av.;7;82;mauris.a@loremtristique.com;Invalido;1;912066831
14951014-1;Wyatt;French;female;1995-02-13;2021-03-08;234;Ap #277-1463 Ullamcorper Av.;1;73;elit@mauris.org;Valido;3;961638291
28845644-5;Mary;Carroll;male;1998-11-19;2021-02-19;266;Ap #727-2761 Dictum Av.;3;37;dignissim.pharetra@senectus.com;Invalido;2;927489621
29995875-2;Danielle;Bentley;male;1994-04-01;2021-03-12;102;P.O. Box 277, 7796 Vehicula Avenue;5;198;enim.Suspendisse@necquam.net;Valido;1;995942688
41930340-2;Cara;Huffman;female;1996-05-24;2021-04-28;191;4872 Sed Av.;10;145;Duis@vulputateeu.net;Invalido;3;960327503
30599396-4;Lucian;Paul;female;1993-12-04;2021-02-09;299;P.O. Box 990, 1603 Magna Road;5;112;tempus@amet.com;Valido;2;929879465
26885261-1;Amos;Rivera;male;1998-11-29;2021-05-01;912;P.O. Box 105, 9478 Ipsum Ave;5;193;semper.tellus@non.ca;Valido;1;964251705
47389498-K;Branden;Lynch;male;1994-03-27;2021-01-21;793;Ap #423-658 Pede Road;9;90;eleifend.Cras@iaculisnec.co.uk;Invalido;3;916721813
42181304-3;Naomi;Finch;female;1990-08-06;2021-05-09;263;223 Sed Street;9;164;Nullam.velit.dui@consectetuerrhoncusNullam.edu;Invalido;2;998872132
38037854-K;Cameran;Henry;female;1998-04-03;2021-03-24;155;8604 Mollis. Av.;3;91;interdum@In.co.uk;Invalido;3;934106586
10009307-3;Yael;Fowler;male;1995-09-14;2021-03-09;569;5940 Quis St.;7;140;vestibulum.Mauris@eueuismod.com;Invalido;1;952501545
26808311-1;Macey;Flowers;male;1999-12-01;2021-04-11;552;P.O. Box 172, 685 Sagittis Road;7;139;Fusce@senectusetnetus.co.uk;Valido;1;960074632
29096510-1;Price;Barron;female;1997-11-06;2021-03-26;145;P.O. Box 207, 4651 Nec Street;4;125;Suspendisse@lobortis.ca;Invalido;1;994755983
8845796-K;Jonah;Byrd;female;1990-12-17;2021-04-01;474;259-8736 Ornare. St.;9;62;pede@libero.net;Valido;2;998968140
9810309-0;Tucker;Ewing;male;1990-07-03;2021-05-12;558;Ap #912-7827 Urna, Ave;10;107;placerat@malesuada.org;Invalido;1;940537629
42870487-8;Melanie;Faulkner;male;1995-06-25;2021-02-14;438;5215 Lectus. Rd.;9;64;auctor.quis@commodoipsumSuspendisse.edu;Valido;2;987521246
29117303-9;Allistair;Parks;female;1996-09-01;2021-02-06;667;654-8679 Eu Avenue;2;106;non.arcu.Vivamus@amet.com;Invalido;2;942710912
47795241-0;Zachery;Carson;female;1993-05-04;2021-04-02;732;Ap #937-4623 Eleifend. Rd.;9;140;In.condimentum.Donec@lobortis.co.uk;Invalido;1;912822629
21788698-8;Alfreda;Nunez;male;1991-08-11;2021-05-04;187;Ap #485-8850 Vel, St.;8;57;urna@Quisqueporttitoreros.net;Invalido;3;944221639
19037277-4;Keith;Barlow;male;1996-08-03;2021-03-23;61;297-5499 At, Rd.;4;186;quis.tristique@suscipit.com;Valido;1;996600249
7451959-8;Britanney;Roy;female;1999-07-29;2021-03-14;847;1199 A Ave;3;34;consequat.auctor.nunc@Duis.ca;Invalido;3;916682356
42282295-K;Slade;Hill;female;1999-11-21;2021-05-08;30;260 Elit Rd.;1;126;tincidunt.nibh@orciluctus.net;Valido;3;984967429
48392849-1;Cameran;Sargent;male;1994-08-21;2021-05-06;855;P.O. Box 671, 5772 Feugiat Street;7;36;justo@dolorsit.ca;Invalido;3;935919069
12664450-7;Dillon;Gill;male;1995-01-24;2021-04-10;968;P.O. Box 105, 1426 Donec Av.;9;161;justo.Proin.non@at.edu;Valido;1;961146100
7093882-0;Quyn;Donovan;female;1996-01-02;2021-02-06;620;P.O. Box 531, 4838 Rutrum. St.;6;118;montes.nascetur@lobortisultrices.com;Valido;3;931618890
33479329-K;Cecilia;Blackburn;female;1991-03-11;2021-02-03;310;P.O. Box 382, 6280 Sem, Rd.;7;95;euismod.mauris.eu@ametultricies.edu;Invalido;2;973073926
5248393-K;Mariam;Willis;male;1994-11-13;2021-01-06;14;5285 Mauris Road;10;82;et.malesuada@gravida.net;Invalido;2;929068199
14606391-8;Xaviera;Gallegos;male;1993-12-14;2021-04-19;983;Ap #675-2604 Vulputate, Road;2;93;urna.Nunc.quis@sedsemegestas.edu;Valido;3;937882335
42716257-5;Andrew;Russell;female;1991-10-13;2021-04-22;278;P.O. Box 716, 3066 Porta St.;6;182;amet@elit.net;Valido;1;930511836
31494065-2;Tarik;Caldwell;female;1990-02-23;2021-03-02;746;9894 Vivamus St.;5;36;Nam.nulla.magna@NullafacilisiSed.com;Invalido;1;981541464
16132710-7;Ava;Vega;male;1990-12-04;2021-05-07;480;Ap #324-8921 Ligula. Ave;2;75;sollicitudin.orci.sem@orci.com;Invalido;1;965994074
15995831-0;Maite;Sanchez;male;1991-09-19;2021-04-11;690;P.O. Box 482, 4964 Ultricies Rd.;4;134;tellus@atvelit.edu;Invalido;3;911150982
48159970-9;Lewis;Lara;female;1994-03-27;2021-04-06;602;P.O. Box 222, 2908 Nunc Rd.;10;94;Cras@odioNam.co.uk;Invalido;3;902108613
18366348-8;Hamish;Taylor;female;1991-07-23;2021-03-21;308;Ap #122-7574 Turpis Avenue;1;193;quis.tristique.ac@nonnisiAenean.ca;Valido;3;978972520
28400967-3;Nero;Gonzales;male;1998-02-12;2021-03-20;107;Ap #919-8745 Nunc St.;6;184;viverra.Maecenas.iaculis@diam.ca;Valido;2;915795912
46399062-K;Felicia;Gibson;male;1992-01-12;2021-01-25;254;P.O. Box 113, 5453 Auctor Street;10;176;non.enim.commodo@ornare.co.uk;Invalido;3;917066860
23716886-0;Regina;Stephenson;female;1990-05-17;2021-03-06;368;146 Eget Avenue;3;118;a.arcu.Sed@velvenenatis.edu;Valido;2;970429648
17341796-9;Brynn;Mendoza;female;1997-07-12;2021-04-03;760;474-7978 Sed Av.;10;200;amet.massa@risusatfringilla.co.uk;Invalido;3;943144927
33352139-3;Herman;Koch;male;1998-01-04;2021-03-09;130;P.O. Box 590, 6160 Duis St.;8;122;enim@semperetlacinia.ca;Invalido;3;971407132
43566931-K;Tatyana;Davidson;male;1996-03-01;2021-01-13;885;683-1490 Lorem, Ave;3;183;bibendum@vel.net;Invalido;3;926210440
19936645-9;Dexter;Underwood;female;1993-03-17;2021-01-10;67;487-4895 Mauris Avenue;10;167;turpis.vitae@atvelitCras.com;Valido;1;906306523
26875090-8;Cullen;Hull;female;1999-09-09;2021-03-14;378;2596 Consectetuer Road;9;165;vitae.odio.sagittis@atarcu.com;Valido;1;981619723
27691726-9;Fritz;Orr;male;1990-11-16;2021-01-15;787;Ap #412-8311 Erat Street;3;75;blandit.enim@egestas.edu;Valido;2;976182475
43291937-4;Price;Cardenas;male;1999-02-13;2021-03-22;275;435-9554 Bibendum. Rd.;3;133;Pellentesque@Suspendisse.ca;Valido;1;970931253
35381899-6;Ralph;Robbins;female;1992-10-29;2021-03-26;378;593-361 Non, Av.;6;170;semper.Nam@justonec.co.uk;Invalido;3;926230799
17274838-4;John;Valencia;female;1994-01-05;2021-01-11;506;P.O. Box 613, 4251 Lorem, Street;6;90;lectus@seddolor.org;Valido;2;973506206
42253897-6;Nevada;Pate;male;1993-12-16;2021-02-12;162;Ap #861-9472 Orci, St.;6;105;adipiscing@sagittisaugueeu.co.uk;Invalido;1;918141918
26382956-5;Camden;Newman;male;1994-07-27;2021-01-09;795;Ap #776-9390 Donec Road;9;157;dictum@Proin.com;Valido;3;977525475
39288351-7;Carter;Medina;female;1994-01-13;2021-05-05;112;P.O. Box 556, 7059 Ligula Av.;1;125;neque.pellentesque.massa@velitQuisquevarius.com;Invalido;1;937944924
39504124-K;Inga;Keith;female;1995-10-28;2021-01-26;96;Ap #543-6055 Egestas St.;6;165;suscipit.nonummy@afeugiattellus.com;Valido;2;988827157
10191935-8;Iliana;Perez;male;1993-10-03;2021-04-23;42;1321 Rutrum Rd.;10;200;tortor.nibh@Nunclaoreetlectus.co.uk;Invalido;3;928470114
44770657-1;Madeson;Burgess;male;1991-07-03;2021-02-01;500;Ap #881-2112 At, Street;4;56;ac@diam.com;Invalido;1;971305351
42498157-5;Ella;Day;female;1998-04-09;2021-04-20;90;674-1871 Nec, St.;10;116;lectus@eunullaat.co.uk;Valido;2;925604471
46701110-3;Louis;Calderon;female;1992-05-08;2021-05-03;104;P.O. Box 945, 9104 Magnis Street;9;98;sem.mollis@ametconsectetueradipiscing.ca;Valido;1;927552245
26703177-0;Amery;Salazar;male;1990-05-02;2021-04-01;613;7279 Dignissim Street;4;92;pharetra.felis.eget@Suspendissenon.co.uk;Invalido;1;951629430
21399587-1;Yoshi;Holt;male;1996-05-17;2021-02-21;369;3376 Eget Rd.;10;110;adipiscing.elit.Curabitur@Sednecmetus.com;Invalido;3;919677517
34091610-7;William;Payne;female;1999-03-27;2021-01-03;577;P.O. Box 710, 5894 Convallis Street;6;93;magnis.dis@miloremvehicula.ca;Valido;1;978053761
46016104-5;Harrison;Haynes;female;1995-12-31;2021-01-20;771;P.O. Box 173, 7057 Lacinia Street;3;51;tellus.Phasellus@Cras.net;Invalido;3;919221011
49629033-K;Irma;Mueller;male;1996-06-07;2021-01-31;760;658-2202 Metus Rd.;1;116;Duis.dignissim.tempor@erosProinultrices.net;Valido;3;988472733
35338415-5;Kato;Ayala;male;1998-10-15;2021-05-11;719;Ap #412-8543 Ipsum. St.;4;87;per@nequenonquam.edu;Valido;1;900600681
7889885-2;Leonard;Kirby;female;1995-05-31;2021-03-08;836;2349 Dictum Ave;10;95;primis.in@ac.edu;Valido;2;902286474
40702583-0;Jamal;Maddox;female;1991-04-01;2021-05-03;300;Ap #932-3496 Et St.;9;115;a.malesuada.id@infaucibusorci.org;Invalido;2;994674572
48797765-9;Clinton;Kim;male;1994-02-01;2021-03-22;561;9289 Porttitor Rd.;5;174;commodo.at.libero@luctusCurabituregestas.com;Invalido;1;914070636
35409974-8;Rashad;Mccormick;male;1995-02-19;2021-05-04;528;8740 Dolor, Av.;7;148;Aliquam.rutrum.lorem@adipiscing.edu;Valido;3;939137664
21228633-8;Kalia;Stafford;female;1991-11-27;2021-04-12;369;7118 Fringilla, Av.;8;193;nonummy.Fusce@lobortisquispede.com;Valido;3;934462854
49355833-1;Darryl;Villarreal;female;1999-05-28;2021-04-25;462;3320 Id St.;4;144;ipsum@consequat.co.uk;Valido;1;988114876
8968166-9;Willow;Warren;male;1998-01-31;2021-02-20;115;9153 Cum Road;4;192;sodales@Morbi.net;Valido;3;915080622
40365132-K;Porter;Frederick;male;1999-09-28;2021-04-14;312;P.O. Box 751, 3214 Congue Rd.;10;142;luctus@loremfringilla.org;Invalido;2;968568812
24424022-4;Aspen;Mckee;female;1993-11-18;2021-03-19;326;Ap #633-8045 Quisque Ave;8;158;auctor.velit@ipsumcursusvestibulum.edu;Valido;3;935100934
48563229-8;Melinda;Baker;female;1994-10-20;2021-03-04;231;Ap #371-1509 Et, Avenue;10;62;dignissim@Sed.com;Valido;3;971094301
26474515-2;Kasper;Edwards;male;1997-08-29;2021-02-06;579;P.O. Box 712, 4825 Justo Road;5;180;Proin@cursus.ca;Invalido;2;950006362
17018853-5;Jonah;Curry;male;1995-08-26;2021-03-29;210;P.O. Box 317, 4743 Ante Avenue;2;53;euismod@elitAliquamauctor.org;Invalido;1;949887683
12966127-5;Jaime;Trujillo;female;1999-02-01;2021-03-09;349;Ap #995-8498 Cum Road;4;127;at.pede.Cras@Suspendissenon.org;Invalido;1;931057048
20228557-0;Hashim;Rutledge;female;1992-07-15;2021-01-28;530;9296 Nec, Road;1;129;malesuada@aliquet.co.uk;Invalido;1;900574917
41352390-7;Armand;Hendricks;male;1997-07-13;2021-02-06;269;Ap #272-8959 Massa. Rd.;9;108;amet.nulla@non.com;Valido;3;959128590
38872572-9;Vladimir;Harris;male;1996-10-11;2021-02-16;601;Ap #866-5787 Diam Av.;6;51;sollicitudin.orci@cursus.com;Invalido;3;951474686
49808844-9;Deborah;Morgan;female;1995-05-26;2021-03-12;698;Ap #147-3702 Laoreet Road;7;134;lacus@arcuCurabitur.co.uk;Invalido;1;907657874
25556412-9;Ian;Hudson;female;1991-04-12;2021-05-02;15;367-9289 Turpis Street;1;154;luctus.lobortis.Class@ametconsectetueradipiscing.com;Valido;1;923335889
14512080-2;Ivor;Wolf;male;1992-03-15;2021-01-06;808;P.O. Box 166, 6115 Arcu. Rd.;4;48;dolor.sit.amet@laciniavitaesodales.net;Invalido;3;978608291
9106487-1;Jameson;Lawson;male;1999-03-07;2021-02-15;65;Ap #677-2969 Id St.;2;112;blandit@utpellentesqueeget.ca;Valido;1;936748293
29346752-8;Rina;Huber;female;1997-01-24;2021-04-13;334;P.O. Box 448, 4547 Faucibus Avenue;1;106;bibendum.Donec@adipiscingelit.org;Invalido;1;972968294
11630884-3;Nathaniel;Rivers;female;1991-02-28;2021-05-10;742;287-6523 Quis Street;5;127;montes.nascetur@dictumeleifend.edu;Invalido;3;954304521
45802293-3;Ashton;Mejia;male;1996-04-12;2021-04-21;13;7808 Consequat Ave;5;151;risus@erat.net;Valido;2;974077650
19768460-7;Marvin;Hayden;male;1994-06-20;2021-01-15;673;P.O. Box 943, 3373 Nullam Avenue;5;133;ligula.Donec@nonvestibulumnec.edu;Valido;3;918282414
8441571-5;Drake;Clemons;female;1999-03-22;2021-05-06;135;P.O. Box 708, 3643 At Street;6;97;nulla@ligula.ca;Invalido;2;916007157
23882469-9;Denton;Ayala;female;1999-02-14;2021-04-15;791;P.O. Box 533, 5852 A St.;4;172;nulla.at.sem@aliquam.com;Valido;1;962604482
19899016-7;Cairo;Garcia;male;1998-04-02;2021-03-10;400;4715 Non, Rd.;1;145;neque.sed.sem@Lorem.ca;Invalido;1;989843798
46009356-2;Flavia;Odom;male;1994-05-02;2021-03-20;700;P.O. Box 728, 4817 Metus. Rd.;1;47;metus@inlobortistellus.com;Valido;3;947880978
21349431-7;Yetta;Beck;female;1992-07-19;2021-04-17;969;606-4866 Ut Ave;1;75;lobortis.ultrices.Vivamus@Sed.com;Valido;2;920735192
6067440-K;Aspen;Hill;female;1996-11-21;2021-05-08;144;Ap #837-1286 Velit St.;10;156;rutrum.Fusce.dolor@Maurisvel.net;Valido;2;934245978
38904603-5;Yuri;Nielsen;male;1994-03-13;2021-03-30;341;Ap #291-8298 Id St.;10;169;placerat@primisin.co.uk;Valido;1;923849800
46245385-K;Melissa;Miranda;male;1991-05-23;2021-04-01;638;275-7354 Mauris. Road;9;70;sit.amet.consectetuer@consequatenim.co.uk;Valido;3;902111816
46808938-6;Lester;Roberts;female;1995-05-18;2021-02-27;299;Ap #490-2171 Maecenas Avenue;7;151;magna.nec@eleifend.ca;Invalido;2;944657454
10145682-K;Cara;Landry;female;1992-05-30;2021-02-13;679;7723 Placerat Ave;3;88;enim.commodo@famesac.co.uk;Valido;2;952350085
43288389-2;Jeremy;Freeman;male;1994-09-02;2021-04-27;236;Ap #514-9440 Metus. Rd.;9;46;orci.adipiscing.non@cursus.ca;Valido;1;959087155
35071946-6;Vance;Chase;male;1996-03-27;2021-03-20;926;184-5914 Aenean Av.;1;110;est.tempor.bibendum@quamPellentesquehabitant.edu;Valido;2;902384682
12983284-3;Cameran;Gray;female;1992-05-06;2021-02-16;235;8638 Varius Road;1;151;tellus.id.nunc@nonummyac.edu;Invalido;1;995292291
40329598-1;Kylee;Duran;female;1994-10-21;2021-01-04;49;3082 Cras Street;10;31;laoreet@et.com;Valido;3;930990121
28790980-2;Richard;Love;male;1990-03-21;2021-04-13;797;P.O. Box 549, 2162 Gravida. St.;4;138;eu.tellus@velitSed.edu;Valido;1;944349953
16346101-3;Barbara;Butler;male;1994-09-21;2021-03-18;500;4216 Dui Av.;2;152;Curabitur.egestas@sapienmolestie.net;Invalido;2;970785832
16295318-4;Kareem;Foley;female;1999-06-11;2021-05-08;454;6591 Odio. St.;1;88;dui.Fusce@nec.com;Invalido;3;960546328
11246596-0;Suki;Mooney;female;1997-11-12;2021-03-13;164;535-2071 Morbi Road;9;105;vitae.dolor.Donec@elitpede.org;Valido;2;941860410
23839200-4;Xyla;Boone;male;1998-11-12;2021-02-16;15;756-1256 Nec Street;10;196;semper@Nuncullamcorpervelit.edu;Invalido;2;974228523
24565617-3;Reese;Gilbert;male;1998-01-08;2021-04-04;627;P.O. Box 638, 3185 Accumsan Rd.;7;48;at.libero@eusemPellentesque.net;Invalido;2;967647007
14379388-5;Carissa;Parks;female;1996-04-19;2021-04-08;186;9548 Vitae, Ave;6;132;ac@ornaresagittisfelis.org;Invalido;3;914846459
50140640-6;Ariel;Hahn;female;1995-08-18;2021-02-08;168;448-7413 Diam St.;10;52;lobortis.quis@AliquamnislNulla.ca;Invalido;2;980750941
39955188-9;Baker;Arnold;male;1991-03-25;2021-04-15;341;503-6047 Cras Rd.;10;86;tincidunt.vehicula.risus@necmalesuada.edu;Invalido;1;954669621
18660999-9;Branden;Martinez;male;1996-07-26;2021-03-13;29;1583 Integer Road;9;119;elementum@lacus.co.uk;Invalido;2;966627443
46134419-4;Kirsten;Barrera;female;1998-03-10;2021-05-14;900;997-3676 Porttitor Street;8;37;adipiscing.elit.Aliquam@blanditviverra.edu;Valido;3;916152121
5853797-7;Odysseus;Hoover;female;1996-06-05;2021-03-16;484;Ap #578-3124 Lacus. Rd.;1;152;arcu@Curae.com;Valido;1;931206584
26852105-4;Bo;Castro;male;1994-05-30;2021-04-04;736;P.O. Box 369, 6224 Luctus Rd.;6;55;convallis.est@afeugiat.edu;Invalido;3;943299426
24590066-K;Lewis;Mayo;male;1994-11-06;2021-04-17;470;141-8554 Lacinia Ave;4;152;vel@natoque.edu;Invalido;3;910428523
32993919-7;Callie;Henderson;female;1997-05-11;2021-05-01;61;685-4975 Montes, Avenue;9;161;libero.et@faucibus.ca;Valido;2;935817531
30073682-3;Ebony;Vaughn;female;1999-09-11;2021-03-16;223;P.O. Box 283, 9422 Ligula. Road;7;74;arcu.Vestibulum.ut@diam.net;Invalido;1;969863362
45027312-0;Hedwig;Ruiz;male;1993-09-08;2021-02-05;839;P.O. Box 827, 3409 Est Street;1;156;Pellentesque.ut@Proin.co.uk;Valido;3;932648878
33863084-0;Arthur;Atkinson;male;1993-05-29;2021-05-09;569;Ap #718-2384 Lacus. Rd.;4;82;ipsum.dolor.sit@utquam.ca;Valido;2;991472609
41309905-6;Kareem;Walton;female;1994-04-23;2021-02-16;916;P.O. Box 496, 7544 Rutrum Av.;6;113;tristique.pharetra@In.com;Invalido;1;909486966
21750974-2;Phyllis;Oneil;female;1996-10-31;2021-01-12;662;Ap #436-6569 Phasellus Street;9;198;a.auctor.non@tristique.edu;Valido;2;911189417
37923993-5;Herman;Livingston;male;1995-06-20;2021-02-10;80;P.O. Box 302, 231 Facilisis Avenue;3;139;Mauris@erat.net;Invalido;1;922175376
7177695-6;Brenden;Mercado;male;1997-03-18;2021-03-03;215;793-1306 Tellus St.;3;134;pharetra.sed.hendrerit@vulputate.ca;Valido;2;960479259
43451887-3;Jerome;Pollard;female;1995-10-14;2021-03-06;995;655 Augue Avenue;2;184;;;;
32571740-8;Lana;Frost;female;1990-02-06;2021-03-25;507;Ap #283-8499 Mus. Road;10;166;;;;
25667290-1;Hunter;Steele;male;1992-10-22;2021-04-06;590;280-7098 Eu Ave;1;130;;;;
35815242-2;Vance;Hudson;male;1999-11-28;2021-01-10;830;2256 Cubilia Rd.;8;156;;;;
10034638-9;Athena;Howe;female;1998-07-27;2021-04-08;537;3284 Neque. Avenue;6;197;ut.odio@sedtortorInteger.co.uk;Valido;1;990568166
35328812-1;Brynn;Carlson;female;1997-11-05;2021-01-10;362;Ap #868-538 Rutrum Road;9;39;mollis@est.ca;Valido;1;928051581
5989567-2;Logan;Kirby;male;1990-03-11;2021-05-03;637;9594 Donec St.;7;31;faucibus.leo@sed.net;Invalido;2;962576243
24195304-1;Keegan;Carpenter;male;1999-04-15;2021-03-17;779;P.O. Box 168, 1096 Donec Av.;3;61;;Invalido;3;973353085
43177273-6;Rhonda;Manning;female;1991-08-16;2021-01-22;462;4276 Habitant St.;5;82;;Valido;2;972146133
48121035-6;Mara;Potter;female;1998-08-22;2021-02-04;687;178-3433 Mi Street;2;95;;Invalido;3;949160910
32761397-9;Colorado;Rosales;male;1996-06-13;2021-04-25;323;160-9900 Non, Rd.;5;134;;Valido;2;936888901
43471829-5;Jacob;Keller;male;1991-02-18;2021-03-27;755;2196 Dolor. Ave;2;115;;Invalido;2;965487225
42169978-K;Sheila;Hooper;female;1996-12-28;2021-04-12;998;Ap #822-6862 Nisl Rd.;3;145;;Invalido;2;916101494
50346472-1;Sybil;Schwartz;female;1997-12-07;2021-04-14;392;7252 Dictum Street;5;76;magna.nec@aliquetvelvulputate.co.uk;Valido;3;
